BEGIN;
CREATE TABLE symbol(
  id INTEGER PRIMARY KEY,
  name TEXT NOT NULL,
  isTerminal BOOLEAN NOT NULL,
  fallback INTEGER REFERENCES symbol DEFERRABLE INITIALLY DEFERRED
);
INSERT INTO symbol(id,name,isTerminal,fallback)VALUES(0,'$',TRUE,NULL);
INSERT INTO symbol(id,name,isTerminal,fallback)VALUES(1,'SEMI',TRUE,NULL);
INSERT INTO symbol(id,name,isTerminal,fallback)VALUES(2,'EXPLAIN',TRUE,59);
INSERT INTO symbol(id,name,isTerminal,fallback)VALUES(3,'QUERY',TRUE,59);
INSERT INTO symbol(id,name,isTerminal,fallback)VALUES(4,'PLAN',TRUE,59);
INSERT INTO symbol(id,name,isTerminal,fallback)VALUES(5,'BEGIN',TRUE,59);
INSERT INTO symbol(id,name,isTerminal,fallback)VALUES(6,'TRANSACTION',TRUE,NULL);
INSERT INTO symbol(id,name,isTerminal,fallback)VALUES(7,'DEFERRED',TRUE,59);
INSERT INTO symbol(id,name,isTerminal,fallback)VALUES(8,'IMMEDIATE',TRUE,59);
INSERT INTO symbol(id,name,isTerminal,fallback)VALUES(9,'EXCLUSIVE',TRUE,59);
INSERT INTO symbol(id,name,isTerminal,fallback)VALUES(10,'COMMIT',TRUE,NULL);
INSERT INTO symbol(id,name,isTerminal,fallback)VALUES(11,'END',TRUE,59);
INSERT INTO symbol(id,name,isTerminal,fallback)VALUES(12,'ROLLBACK',TRUE,59);
INSERT INTO symbol(id,name,isTerminal,fallback)VALUES(13,'SAVEPOINT',TRUE,59);
INSERT INTO symbol(id,name,isTerminal,fallback)VALUES(14,'RELEASE',TRUE,59);
INSERT INTO symbol(id,name,isTerminal,fallback)VALUES(15,'TO',TRUE,NULL);
INSERT INTO symbol(id,name,isTerminal,fallback)VALUES(16,'TABLE',TRUE,NULL);
INSERT INTO symbol(id,name,isTerminal,fallback)VALUES(17,'CREATE',TRUE,NULL);
INSERT INTO symbol(id,name,isTerminal,fallback)VALUES(18,'IF',TRUE,59);
INSERT INTO symbol(id,name,isTerminal,fallback)VALUES(19,'NOT',TRUE,NULL);
INSERT INTO symbol(id,name,isTerminal,fallback)VALUES(20,'EXISTS',TRUE,NULL);
INSERT INTO symbol(id,name,isTerminal,fallback)VALUES(21,'TEMP',TRUE,59);
INSERT INTO symbol(id,name,isTerminal,fallback)VALUES(22,'LP',TRUE,NULL);
INSERT INTO symbol(id,name,isTerminal,fallback)VALUES(23,'RP',TRUE,NULL);
INSERT INTO symbol(id,name,isTerminal,fallback)VALUES(24,'AS',TRUE,NULL);
INSERT INTO symbol(id,name,isTerminal,fallback)VALUES(25,'WITHOUT',TRUE,59);
INSERT INTO symbol(id,name,isTerminal,fallback)VALUES(26,'COMMA',TRUE,NULL);
INSERT INTO symbol(id,name,isTerminal,fallback)VALUES(27,'ABORT',TRUE,59);
INSERT INTO symbol(id,name,isTerminal,fallback)VALUES(28,'ACTION',TRUE,59);
INSERT INTO symbol(id,name,isTerminal,fallback)VALUES(29,'AFTER',TRUE,59);
INSERT INTO symbol(id,name,isTerminal,fallback)VALUES(30,'ANALYZE',TRUE,59);
INSERT INTO symbol(id,name,isTerminal,fallback)VALUES(31,'ASC',TRUE,59);
INSERT INTO symbol(id,name,isTerminal,fallback)VALUES(32,'ATTACH',TRUE,59);
INSERT INTO symbol(id,name,isTerminal,fallback)VALUES(33,'BEFORE',TRUE,59);
INSERT INTO symbol(id,name,isTerminal,fallback)VALUES(34,'BY',TRUE,59);
INSERT INTO symbol(id,name,isTerminal,fallback)VALUES(35,'CASCADE',TRUE,59);
INSERT INTO symbol(id,name,isTerminal,fallback)VALUES(36,'CAST',TRUE,59);
INSERT INTO symbol(id,name,isTerminal,fallback)VALUES(37,'CONFLICT',TRUE,59);
INSERT INTO symbol(id,name,isTerminal,fallback)VALUES(38,'DATABASE',TRUE,59);
INSERT INTO symbol(id,name,isTerminal,fallback)VALUES(39,'DESC',TRUE,59);
INSERT INTO symbol(id,name,isTerminal,fallback)VALUES(40,'DETACH',TRUE,59);
INSERT INTO symbol(id,name,isTerminal,fallback)VALUES(41,'EACH',TRUE,59);
INSERT INTO symbol(id,name,isTerminal,fallback)VALUES(42,'FAIL',TRUE,59);
INSERT INTO symbol(id,name,isTerminal,fallback)VALUES(43,'OR',TRUE,NULL);
INSERT INTO symbol(id,name,isTerminal,fallback)VALUES(44,'AND',TRUE,NULL);
INSERT INTO symbol(id,name,isTerminal,fallback)VALUES(45,'IS',TRUE,NULL);
INSERT INTO symbol(id,name,isTerminal,fallback)VALUES(46,'MATCH',TRUE,59);
INSERT INTO symbol(id,name,isTerminal,fallback)VALUES(47,'LIKE_KW',TRUE,59);
INSERT INTO symbol(id,name,isTerminal,fallback)VALUES(48,'BETWEEN',TRUE,NULL);
INSERT INTO symbol(id,name,isTerminal,fallback)VALUES(49,'IN',TRUE,NULL);
INSERT INTO symbol(id,name,isTerminal,fallback)VALUES(50,'ISNULL',TRUE,NULL);
INSERT INTO symbol(id,name,isTerminal,fallback)VALUES(51,'NOTNULL',TRUE,NULL);
INSERT INTO symbol(id,name,isTerminal,fallback)VALUES(52,'NE',TRUE,NULL);
INSERT INTO symbol(id,name,isTerminal,fallback)VALUES(53,'EQ',TRUE,NULL);
INSERT INTO symbol(id,name,isTerminal,fallback)VALUES(54,'GT',TRUE,NULL);
INSERT INTO symbol(id,name,isTerminal,fallback)VALUES(55,'LE',TRUE,NULL);
INSERT INTO symbol(id,name,isTerminal,fallback)VALUES(56,'LT',TRUE,NULL);
INSERT INTO symbol(id,name,isTerminal,fallback)VALUES(57,'GE',TRUE,NULL);
INSERT INTO symbol(id,name,isTerminal,fallback)VALUES(58,'ESCAPE',TRUE,NULL);
INSERT INTO symbol(id,name,isTerminal,fallback)VALUES(59,'ID',TRUE,NULL);
INSERT INTO symbol(id,name,isTerminal,fallback)VALUES(60,'COLUMNKW',TRUE,59);
INSERT INTO symbol(id,name,isTerminal,fallback)VALUES(61,'DO',TRUE,59);
INSERT INTO symbol(id,name,isTerminal,fallback)VALUES(62,'FOR',TRUE,59);
INSERT INTO symbol(id,name,isTerminal,fallback)VALUES(63,'IGNORE',TRUE,59);
INSERT INTO symbol(id,name,isTerminal,fallback)VALUES(64,'INITIALLY',TRUE,59);
INSERT INTO symbol(id,name,isTerminal,fallback)VALUES(65,'INSTEAD',TRUE,59);
INSERT INTO symbol(id,name,isTerminal,fallback)VALUES(66,'NO',TRUE,59);
INSERT INTO symbol(id,name,isTerminal,fallback)VALUES(67,'KEY',TRUE,59);
INSERT INTO symbol(id,name,isTerminal,fallback)VALUES(68,'OF',TRUE,59);
INSERT INTO symbol(id,name,isTerminal,fallback)VALUES(69,'OFFSET',TRUE,59);
INSERT INTO symbol(id,name,isTerminal,fallback)VALUES(70,'PRAGMA',TRUE,59);
INSERT INTO symbol(id,name,isTerminal,fallback)VALUES(71,'RAISE',TRUE,59);
INSERT INTO symbol(id,name,isTerminal,fallback)VALUES(72,'RECURSIVE',TRUE,59);
INSERT INTO symbol(id,name,isTerminal,fallback)VALUES(73,'REPLACE',TRUE,59);
INSERT INTO symbol(id,name,isTerminal,fallback)VALUES(74,'RESTRICT',TRUE,59);
INSERT INTO symbol(id,name,isTerminal,fallback)VALUES(75,'ROW',TRUE,59);
INSERT INTO symbol(id,name,isTerminal,fallback)VALUES(76,'ROWS',TRUE,59);
INSERT INTO symbol(id,name,isTerminal,fallback)VALUES(77,'TRIGGER',TRUE,59);
INSERT INTO symbol(id,name,isTerminal,fallback)VALUES(78,'VACUUM',TRUE,59);
INSERT INTO symbol(id,name,isTerminal,fallback)VALUES(79,'VIEW',TRUE,59);
INSERT INTO symbol(id,name,isTerminal,fallback)VALUES(80,'VIRTUAL',TRUE,59);
INSERT INTO symbol(id,name,isTerminal,fallback)VALUES(81,'WITH',TRUE,59);
INSERT INTO symbol(id,name,isTerminal,fallback)VALUES(82,'NULLS',TRUE,59);
INSERT INTO symbol(id,name,isTerminal,fallback)VALUES(83,'FIRST',TRUE,59);
INSERT INTO symbol(id,name,isTerminal,fallback)VALUES(84,'LAST',TRUE,59);
INSERT INTO symbol(id,name,isTerminal,fallback)VALUES(85,'CURRENT',TRUE,59);
INSERT INTO symbol(id,name,isTerminal,fallback)VALUES(86,'FOLLOWING',TRUE,59);
INSERT INTO symbol(id,name,isTerminal,fallback)VALUES(87,'PARTITION',TRUE,59);
INSERT INTO symbol(id,name,isTerminal,fallback)VALUES(88,'PRECEDING',TRUE,59);
INSERT INTO symbol(id,name,isTerminal,fallback)VALUES(89,'RANGE',TRUE,59);
INSERT INTO symbol(id,name,isTerminal,fallback)VALUES(90,'UNBOUNDED',TRUE,59);
INSERT INTO symbol(id,name,isTerminal,fallback)VALUES(91,'EXCLUDE',TRUE,59);
INSERT INTO symbol(id,name,isTerminal,fallback)VALUES(92,'GROUPS',TRUE,59);
INSERT INTO symbol(id,name,isTerminal,fallback)VALUES(93,'OTHERS',TRUE,59);
INSERT INTO symbol(id,name,isTerminal,fallback)VALUES(94,'TIES',TRUE,59);
INSERT INTO symbol(id,name,isTerminal,fallback)VALUES(95,'GENERATED',TRUE,59);
INSERT INTO symbol(id,name,isTerminal,fallback)VALUES(96,'ALWAYS',TRUE,59);
INSERT INTO symbol(id,name,isTerminal,fallback)VALUES(97,'REINDEX',TRUE,59);
INSERT INTO symbol(id,name,isTerminal,fallback)VALUES(98,'RENAME',TRUE,59);
INSERT INTO symbol(id,name,isTerminal,fallback)VALUES(99,'CTIME_KW',TRUE,59);
INSERT INTO symbol(id,name,isTerminal,fallback)VALUES(100,'ANY',TRUE,NULL);
INSERT INTO symbol(id,name,isTerminal,fallback)VALUES(101,'BITAND',TRUE,NULL);
INSERT INTO symbol(id,name,isTerminal,fallback)VALUES(102,'BITOR',TRUE,NULL);
INSERT INTO symbol(id,name,isTerminal,fallback)VALUES(103,'LSHIFT',TRUE,NULL);
INSERT INTO symbol(id,name,isTerminal,fallback)VALUES(104,'RSHIFT',TRUE,NULL);
INSERT INTO symbol(id,name,isTerminal,fallback)VALUES(105,'PLUS',TRUE,NULL);
INSERT INTO symbol(id,name,isTerminal,fallback)VALUES(106,'MINUS',TRUE,NULL);
INSERT INTO symbol(id,name,isTerminal,fallback)VALUES(107,'STAR',TRUE,NULL);
INSERT INTO symbol(id,name,isTerminal,fallback)VALUES(108,'SLASH',TRUE,NULL);
INSERT INTO symbol(id,name,isTerminal,fallback)VALUES(109,'REM',TRUE,NULL);
INSERT INTO symbol(id,name,isTerminal,fallback)VALUES(110,'CONCAT',TRUE,NULL);
INSERT INTO symbol(id,name,isTerminal,fallback)VALUES(111,'COLLATE',TRUE,NULL);
INSERT INTO symbol(id,name,isTerminal,fallback)VALUES(112,'BITNOT',TRUE,NULL);
INSERT INTO symbol(id,name,isTerminal,fallback)VALUES(113,'ON',TRUE,NULL);
INSERT INTO symbol(id,name,isTerminal,fallback)VALUES(114,'INDEXED',TRUE,NULL);
INSERT INTO symbol(id,name,isTerminal,fallback)VALUES(115,'STRING',TRUE,NULL);
INSERT INTO symbol(id,name,isTerminal,fallback)VALUES(116,'JOIN_KW',TRUE,NULL);
INSERT INTO symbol(id,name,isTerminal,fallback)VALUES(117,'CONSTRAINT',TRUE,NULL);
INSERT INTO symbol(id,name,isTerminal,fallback)VALUES(118,'DEFAULT',TRUE,NULL);
INSERT INTO symbol(id,name,isTerminal,fallback)VALUES(119,'NULL',TRUE,NULL);
INSERT INTO symbol(id,name,isTerminal,fallback)VALUES(120,'PRIMARY',TRUE,NULL);
INSERT INTO symbol(id,name,isTerminal,fallback)VALUES(121,'UNIQUE',TRUE,NULL);
INSERT INTO symbol(id,name,isTerminal,fallback)VALUES(122,'CHECK',TRUE,NULL);
INSERT INTO symbol(id,name,isTerminal,fallback)VALUES(123,'REFERENCES',TRUE,NULL);
INSERT INTO symbol(id,name,isTerminal,fallback)VALUES(124,'AUTOINCR',TRUE,NULL);
INSERT INTO symbol(id,name,isTerminal,fallback)VALUES(125,'INSERT',TRUE,NULL);
INSERT INTO symbol(id,name,isTerminal,fallback)VALUES(126,'DELETE',TRUE,NULL);
INSERT INTO symbol(id,name,isTerminal,fallback)VALUES(127,'UPDATE',TRUE,NULL);
INSERT INTO symbol(id,name,isTerminal,fallback)VALUES(128,'SET',TRUE,NULL);
INSERT INTO symbol(id,name,isTerminal,fallback)VALUES(129,'DEFERRABLE',TRUE,NULL);
INSERT INTO symbol(id,name,isTerminal,fallback)VALUES(130,'FOREIGN',TRUE,NULL);
INSERT INTO symbol(id,name,isTerminal,fallback)VALUES(131,'DROP',TRUE,NULL);
INSERT INTO symbol(id,name,isTerminal,fallback)VALUES(132,'UNION',TRUE,NULL);
INSERT INTO symbol(id,name,isTerminal,fallback)VALUES(133,'ALL',TRUE,NULL);
INSERT INTO symbol(id,name,isTerminal,fallback)VALUES(134,'EXCEPT',TRUE,NULL);
INSERT INTO symbol(id,name,isTerminal,fallback)VALUES(135,'INTERSECT',TRUE,NULL);
INSERT INTO symbol(id,name,isTerminal,fallback)VALUES(136,'SELECT',TRUE,NULL);
INSERT INTO symbol(id,name,isTerminal,fallback)VALUES(137,'VALUES',TRUE,NULL);
INSERT INTO symbol(id,name,isTerminal,fallback)VALUES(138,'DISTINCT',TRUE,NULL);
INSERT INTO symbol(id,name,isTerminal,fallback)VALUES(139,'DOT',TRUE,NULL);
INSERT INTO symbol(id,name,isTerminal,fallback)VALUES(140,'FROM',TRUE,NULL);
INSERT INTO symbol(id,name,isTerminal,fallback)VALUES(141,'JOIN',TRUE,NULL);
INSERT INTO symbol(id,name,isTerminal,fallback)VALUES(142,'USING',TRUE,NULL);
INSERT INTO symbol(id,name,isTerminal,fallback)VALUES(143,'ORDER',TRUE,NULL);
INSERT INTO symbol(id,name,isTerminal,fallback)VALUES(144,'GROUP',TRUE,NULL);
INSERT INTO symbol(id,name,isTerminal,fallback)VALUES(145,'HAVING',TRUE,NULL);
INSERT INTO symbol(id,name,isTerminal,fallback)VALUES(146,'LIMIT',TRUE,NULL);
INSERT INTO symbol(id,name,isTerminal,fallback)VALUES(147,'WHERE',TRUE,NULL);
INSERT INTO symbol(id,name,isTerminal,fallback)VALUES(148,'INTO',TRUE,NULL);
INSERT INTO symbol(id,name,isTerminal,fallback)VALUES(149,'NOTHING',TRUE,NULL);
INSERT INTO symbol(id,name,isTerminal,fallback)VALUES(150,'FLOAT',TRUE,NULL);
INSERT INTO symbol(id,name,isTerminal,fallback)VALUES(151,'BLOB',TRUE,NULL);
INSERT INTO symbol(id,name,isTerminal,fallback)VALUES(152,'INTEGER',TRUE,NULL);
INSERT INTO symbol(id,name,isTerminal,fallback)VALUES(153,'VARIABLE',TRUE,NULL);
INSERT INTO symbol(id,name,isTerminal,fallback)VALUES(154,'CASE',TRUE,NULL);
INSERT INTO symbol(id,name,isTerminal,fallback)VALUES(155,'WHEN',TRUE,NULL);
INSERT INTO symbol(id,name,isTerminal,fallback)VALUES(156,'THEN',TRUE,NULL);
INSERT INTO symbol(id,name,isTerminal,fallback)VALUES(157,'ELSE',TRUE,NULL);
INSERT INTO symbol(id,name,isTerminal,fallback)VALUES(158,'INDEX',TRUE,NULL);
INSERT INTO symbol(id,name,isTerminal,fallback)VALUES(159,'ALTER',TRUE,NULL);
INSERT INTO symbol(id,name,isTerminal,fallback)VALUES(160,'ADD',TRUE,NULL);
INSERT INTO symbol(id,name,isTerminal,fallback)VALUES(161,'WINDOW',TRUE,NULL);
INSERT INTO symbol(id,name,isTerminal,fallback)VALUES(162,'OVER',TRUE,NULL);
INSERT INTO symbol(id,name,isTerminal,fallback)VALUES(163,'FILTER',TRUE,NULL);
INSERT INTO symbol(id,name,isTerminal,fallback)VALUES(164,'COLUMN',TRUE,NULL);
INSERT INTO symbol(id,name,isTerminal,fallback)VALUES(165,'AGG_FUNCTION',TRUE,NULL);
INSERT INTO symbol(id,name,isTerminal,fallback)VALUES(166,'AGG_COLUMN',TRUE,NULL);
INSERT INTO symbol(id,name,isTerminal,fallback)VALUES(167,'TRUEFALSE',TRUE,NULL);
INSERT INTO symbol(id,name,isTerminal,fallback)VALUES(168,'ISNOT',TRUE,NULL);
INSERT INTO symbol(id,name,isTerminal,fallback)VALUES(169,'FUNCTION',TRUE,NULL);
INSERT INTO symbol(id,name,isTerminal,fallback)VALUES(170,'UMINUS',TRUE,NULL);
INSERT INTO symbol(id,name,isTerminal,fallback)VALUES(171,'UPLUS',TRUE,NULL);
INSERT INTO symbol(id,name,isTerminal,fallback)VALUES(172,'TRUTH',TRUE,NULL);
INSERT INTO symbol(id,name,isTerminal,fallback)VALUES(173,'REGISTER',TRUE,NULL);
INSERT INTO symbol(id,name,isTerminal,fallback)VALUES(174,'VECTOR',TRUE,NULL);
INSERT INTO symbol(id,name,isTerminal,fallback)VALUES(175,'SELECT_COLUMN',TRUE,NULL);
INSERT INTO symbol(id,name,isTerminal,fallback)VALUES(176,'IF_NULL_ROW',TRUE,NULL);
INSERT INTO symbol(id,name,isTerminal,fallback)VALUES(177,'ASTERISK',TRUE,NULL);
INSERT INTO symbol(id,name,isTerminal,fallback)VALUES(178,'SPAN',TRUE,NULL);
INSERT INTO symbol(id,name,isTerminal,fallback)VALUES(179,'SPACE',TRUE,NULL);
INSERT INTO symbol(id,name,isTerminal,fallback)VALUES(180,'ILLEGAL',TRUE,NULL);
INSERT INTO symbol(id,name,isTerminal,fallback)VALUES(181,'input',FALSE,NULL);
INSERT INTO symbol(id,name,isTerminal,fallback)VALUES(182,'cmdlist',FALSE,NULL);
INSERT INTO symbol(id,name,isTerminal,fallback)VALUES(183,'ecmd',FALSE,NULL);
INSERT INTO symbol(id,name,isTerminal,fallback)VALUES(184,'cmdx',FALSE,NULL);
INSERT INTO symbol(id,name,isTerminal,fallback)VALUES(185,'explain',FALSE,NULL);
INSERT INTO symbol(id,name,isTerminal,fallback)VALUES(186,'cmd',FALSE,NULL);
INSERT INTO symbol(id,name,isTerminal,fallback)VALUES(187,'transtype',FALSE,NULL);
INSERT INTO symbol(id,name,isTerminal,fallback)VALUES(188,'trans_opt',FALSE,NULL);
INSERT INTO symbol(id,name,isTerminal,fallback)VALUES(189,'nm',FALSE,NULL);
INSERT INTO symbol(id,name,isTerminal,fallback)VALUES(190,'savepoint_opt',FALSE,NULL);
INSERT INTO symbol(id,name,isTerminal,fallback)VALUES(191,'create_table',FALSE,NULL);
INSERT INTO symbol(id,name,isTerminal,fallback)VALUES(192,'create_table_args',FALSE,NULL);
INSERT INTO symbol(id,name,isTerminal,fallback)VALUES(193,'createkw',FALSE,NULL);
INSERT INTO symbol(id,name,isTerminal,fallback)VALUES(194,'temp',FALSE,NULL);
INSERT INTO symbol(id,name,isTerminal,fallback)VALUES(195,'ifnotexists',FALSE,NULL);
INSERT INTO symbol(id,name,isTerminal,fallback)VALUES(196,'dbnm',FALSE,NULL);
INSERT INTO symbol(id,name,isTerminal,fallback)VALUES(197,'columnlist',FALSE,NULL);
INSERT INTO symbol(id,name,isTerminal,fallback)VALUES(198,'conslist_opt',FALSE,NULL);
INSERT INTO symbol(id,name,isTerminal,fallback)VALUES(199,'table_options',FALSE,NULL);
INSERT INTO symbol(id,name,isTerminal,fallback)VALUES(200,'select',FALSE,NULL);
INSERT INTO symbol(id,name,isTerminal,fallback)VALUES(201,'columnname',FALSE,NULL);
INSERT INTO symbol(id,name,isTerminal,fallback)VALUES(202,'carglist',FALSE,NULL);
INSERT INTO symbol(id,name,isTerminal,fallback)VALUES(203,'typetoken',FALSE,NULL);
INSERT INTO symbol(id,name,isTerminal,fallback)VALUES(204,'typename',FALSE,NULL);
INSERT INTO symbol(id,name,isTerminal,fallback)VALUES(205,'signed',FALSE,NULL);
INSERT INTO symbol(id,name,isTerminal,fallback)VALUES(206,'plus_num',FALSE,NULL);
INSERT INTO symbol(id,name,isTerminal,fallback)VALUES(207,'minus_num',FALSE,NULL);
INSERT INTO symbol(id,name,isTerminal,fallback)VALUES(208,'scanpt',FALSE,NULL);
INSERT INTO symbol(id,name,isTerminal,fallback)VALUES(209,'scantok',FALSE,NULL);
INSERT INTO symbol(id,name,isTerminal,fallback)VALUES(210,'ccons',FALSE,NULL);
INSERT INTO symbol(id,name,isTerminal,fallback)VALUES(211,'term',FALSE,NULL);
INSERT INTO symbol(id,name,isTerminal,fallback)VALUES(212,'expr',FALSE,NULL);
INSERT INTO symbol(id,name,isTerminal,fallback)VALUES(213,'onconf',FALSE,NULL);
INSERT INTO symbol(id,name,isTerminal,fallback)VALUES(214,'sortorder',FALSE,NULL);
INSERT INTO symbol(id,name,isTerminal,fallback)VALUES(215,'autoinc',FALSE,NULL);
INSERT INTO symbol(id,name,isTerminal,fallback)VALUES(216,'eidlist_opt',FALSE,NULL);
INSERT INTO symbol(id,name,isTerminal,fallback)VALUES(217,'refargs',FALSE,NULL);
INSERT INTO symbol(id,name,isTerminal,fallback)VALUES(218,'defer_subclause',FALSE,NULL);
INSERT INTO symbol(id,name,isTerminal,fallback)VALUES(219,'generated',FALSE,NULL);
INSERT INTO symbol(id,name,isTerminal,fallback)VALUES(220,'refarg',FALSE,NULL);
INSERT INTO symbol(id,name,isTerminal,fallback)VALUES(221,'refact',FALSE,NULL);
INSERT INTO symbol(id,name,isTerminal,fallback)VALUES(222,'init_deferred_pred_opt',FALSE,NULL);
INSERT INTO symbol(id,name,isTerminal,fallback)VALUES(223,'conslist',FALSE,NULL);
INSERT INTO symbol(id,name,isTerminal,fallback)VALUES(224,'tconscomma',FALSE,NULL);
INSERT INTO symbol(id,name,isTerminal,fallback)VALUES(225,'tcons',FALSE,NULL);
INSERT INTO symbol(id,name,isTerminal,fallback)VALUES(226,'sortlist',FALSE,NULL);
INSERT INTO symbol(id,name,isTerminal,fallback)VALUES(227,'eidlist',FALSE,NULL);
INSERT INTO symbol(id,name,isTerminal,fallback)VALUES(228,'defer_subclause_opt',FALSE,NULL);
INSERT INTO symbol(id,name,isTerminal,fallback)VALUES(229,'orconf',FALSE,NULL);
INSERT INTO symbol(id,name,isTerminal,fallback)VALUES(230,'resolvetype',FALSE,NULL);
INSERT INTO symbol(id,name,isTerminal,fallback)VALUES(231,'raisetype',FALSE,NULL);
INSERT INTO symbol(id,name,isTerminal,fallback)VALUES(232,'ifexists',FALSE,NULL);
INSERT INTO symbol(id,name,isTerminal,fallback)VALUES(233,'fullname',FALSE,NULL);
INSERT INTO symbol(id,name,isTerminal,fallback)VALUES(234,'selectnowith',FALSE,NULL);
INSERT INTO symbol(id,name,isTerminal,fallback)VALUES(235,'oneselect',FALSE,NULL);
INSERT INTO symbol(id,name,isTerminal,fallback)VALUES(236,'wqlist',FALSE,NULL);
INSERT INTO symbol(id,name,isTerminal,fallback)VALUES(237,'multiselect_op',FALSE,NULL);
INSERT INTO symbol(id,name,isTerminal,fallback)VALUES(238,'distinct',FALSE,NULL);
INSERT INTO symbol(id,name,isTerminal,fallback)VALUES(239,'selcollist',FALSE,NULL);
INSERT INTO symbol(id,name,isTerminal,fallback)VALUES(240,'from',FALSE,NULL);
INSERT INTO symbol(id,name,isTerminal,fallback)VALUES(241,'where_opt',FALSE,NULL);
INSERT INTO symbol(id,name,isTerminal,fallback)VALUES(242,'groupby_opt',FALSE,NULL);
INSERT INTO symbol(id,name,isTerminal,fallback)VALUES(243,'having_opt',FALSE,NULL);
INSERT INTO symbol(id,name,isTerminal,fallback)VALUES(244,'orderby_opt',FALSE,NULL);
INSERT INTO symbol(id,name,isTerminal,fallback)VALUES(245,'limit_opt',FALSE,NULL);
INSERT INTO symbol(id,name,isTerminal,fallback)VALUES(246,'window_clause',FALSE,NULL);
INSERT INTO symbol(id,name,isTerminal,fallback)VALUES(247,'values',FALSE,NULL);
INSERT INTO symbol(id,name,isTerminal,fallback)VALUES(248,'nexprlist',FALSE,NULL);
INSERT INTO symbol(id,name,isTerminal,fallback)VALUES(249,'sclp',FALSE,NULL);
INSERT INTO symbol(id,name,isTerminal,fallback)VALUES(250,'as',FALSE,NULL);
INSERT INTO symbol(id,name,isTerminal,fallback)VALUES(251,'seltablist',FALSE,NULL);
INSERT INTO symbol(id,name,isTerminal,fallback)VALUES(252,'stl_prefix',FALSE,NULL);
INSERT INTO symbol(id,name,isTerminal,fallback)VALUES(253,'joinop',FALSE,NULL);
INSERT INTO symbol(id,name,isTerminal,fallback)VALUES(254,'indexed_opt',FALSE,NULL);
INSERT INTO symbol(id,name,isTerminal,fallback)VALUES(255,'on_opt',FALSE,NULL);
INSERT INTO symbol(id,name,isTerminal,fallback)VALUES(256,'using_opt',FALSE,NULL);
INSERT INTO symbol(id,name,isTerminal,fallback)VALUES(257,'exprlist',FALSE,NULL);
INSERT INTO symbol(id,name,isTerminal,fallback)VALUES(258,'xfullname',FALSE,NULL);
INSERT INTO symbol(id,name,isTerminal,fallback)VALUES(259,'idlist',FALSE,NULL);
INSERT INTO symbol(id,name,isTerminal,fallback)VALUES(260,'nulls',FALSE,NULL);
INSERT INTO symbol(id,name,isTerminal,fallback)VALUES(261,'with',FALSE,NULL);
INSERT INTO symbol(id,name,isTerminal,fallback)VALUES(262,'setlist',FALSE,NULL);
INSERT INTO symbol(id,name,isTerminal,fallback)VALUES(263,'insert_cmd',FALSE,NULL);
INSERT INTO symbol(id,name,isTerminal,fallback)VALUES(264,'idlist_opt',FALSE,NULL);
INSERT INTO symbol(id,name,isTerminal,fallback)VALUES(265,'upsert',FALSE,NULL);
INSERT INTO symbol(id,name,isTerminal,fallback)VALUES(266,'filter_over',FALSE,NULL);
INSERT INTO symbol(id,name,isTerminal,fallback)VALUES(267,'likeop',FALSE,NULL);
INSERT INTO symbol(id,name,isTerminal,fallback)VALUES(268,'between_op',FALSE,NULL);
INSERT INTO symbol(id,name,isTerminal,fallback)VALUES(269,'in_op',FALSE,NULL);
INSERT INTO symbol(id,name,isTerminal,fallback)VALUES(270,'paren_exprlist',FALSE,NULL);
INSERT INTO symbol(id,name,isTerminal,fallback)VALUES(271,'case_operand',FALSE,NULL);
INSERT INTO symbol(id,name,isTerminal,fallback)VALUES(272,'case_exprlist',FALSE,NULL);
INSERT INTO symbol(id,name,isTerminal,fallback)VALUES(273,'case_else',FALSE,NULL);
INSERT INTO symbol(id,name,isTerminal,fallback)VALUES(274,'uniqueflag',FALSE,NULL);
INSERT INTO symbol(id,name,isTerminal,fallback)VALUES(275,'collate',FALSE,NULL);
INSERT INTO symbol(id,name,isTerminal,fallback)VALUES(276,'vinto',FALSE,NULL);
INSERT INTO symbol(id,name,isTerminal,fallback)VALUES(277,'nmnum',FALSE,NULL);
INSERT INTO symbol(id,name,isTerminal,fallback)VALUES(278,'trigger_decl',FALSE,NULL);
INSERT INTO symbol(id,name,isTerminal,fallback)VALUES(279,'trigger_cmd_list',FALSE,NULL);
INSERT INTO symbol(id,name,isTerminal,fallback)VALUES(280,'trigger_time',FALSE,NULL);
INSERT INTO symbol(id,name,isTerminal,fallback)VALUES(281,'trigger_event',FALSE,NULL);
INSERT INTO symbol(id,name,isTerminal,fallback)VALUES(282,'foreach_clause',FALSE,NULL);
INSERT INTO symbol(id,name,isTerminal,fallback)VALUES(283,'when_clause',FALSE,NULL);
INSERT INTO symbol(id,name,isTerminal,fallback)VALUES(284,'trigger_cmd',FALSE,NULL);
INSERT INTO symbol(id,name,isTerminal,fallback)VALUES(285,'trnm',FALSE,NULL);
INSERT INTO symbol(id,name,isTerminal,fallback)VALUES(286,'tridxby',FALSE,NULL);
INSERT INTO symbol(id,name,isTerminal,fallback)VALUES(287,'database_kw_opt',FALSE,NULL);
INSERT INTO symbol(id,name,isTerminal,fallback)VALUES(288,'key_opt',FALSE,NULL);
INSERT INTO symbol(id,name,isTerminal,fallback)VALUES(289,'add_column_fullname',FALSE,NULL);
INSERT INTO symbol(id,name,isTerminal,fallback)VALUES(290,'kwcolumn_opt',FALSE,NULL);
INSERT INTO symbol(id,name,isTerminal,fallback)VALUES(291,'create_vtab',FALSE,NULL);
INSERT INTO symbol(id,name,isTerminal,fallback)VALUES(292,'vtabarglist',FALSE,NULL);
INSERT INTO symbol(id,name,isTerminal,fallback)VALUES(293,'vtabarg',FALSE,NULL);
INSERT INTO symbol(id,name,isTerminal,fallback)VALUES(294,'vtabargtoken',FALSE,NULL);
INSERT INTO symbol(id,name,isTerminal,fallback)VALUES(295,'lp',FALSE,NULL);
INSERT INTO symbol(id,name,isTerminal,fallback)VALUES(296,'anylist',FALSE,NULL);
INSERT INTO symbol(id,name,isTerminal,fallback)VALUES(297,'windowdefn_list',FALSE,NULL);
INSERT INTO symbol(id,name,isTerminal,fallback)VALUES(298,'windowdefn',FALSE,NULL);
INSERT INTO symbol(id,name,isTerminal,fallback)VALUES(299,'window',FALSE,NULL);
INSERT INTO symbol(id,name,isTerminal,fallback)VALUES(300,'frame_opt',FALSE,NULL);
INSERT INTO symbol(id,name,isTerminal,fallback)VALUES(301,'part_opt',FALSE,NULL);
INSERT INTO symbol(id,name,isTerminal,fallback)VALUES(302,'filter_clause',FALSE,NULL);
INSERT INTO symbol(id,name,isTerminal,fallback)VALUES(303,'over_clause',FALSE,NULL);
INSERT INTO symbol(id,name,isTerminal,fallback)VALUES(304,'range_or_rows',FALSE,NULL);
INSERT INTO symbol(id,name,isTerminal,fallback)VALUES(305,'frame_bound',FALSE,NULL);
INSERT INTO symbol(id,name,isTerminal,fallback)VALUES(306,'frame_bound_s',FALSE,NULL);
INSERT INTO symbol(id,name,isTerminal,fallback)VALUES(307,'frame_bound_e',FALSE,NULL);
INSERT INTO symbol(id,name,isTerminal,fallback)VALUES(308,'frame_exclude_opt',FALSE,NULL);
INSERT INTO symbol(id,name,isTerminal,fallback)VALUES(309,'frame_exclude',FALSE,NULL);
CREATE TABLE rule(
  ruleid INTEGER PRIMARY KEY,
  lhs INTEGER REFERENCES symbol(id),
  txt TEXT
);
CREATE TABLE rulerhs(
  ruleid INTEGER REFERENCES rule(ruleid),
  pos INTEGER,
  sym INTEGER REFERENCES symbol(id)
);
INSERT INTO rule(ruleid,lhs,txt)VALUES(0,185,'explain ::= EXPLAIN');
INSERT INTO rulerhs(ruleid,pos,sym)VALUES(0,0,2);
INSERT INTO rule(ruleid,lhs,txt)VALUES(1,185,'explain ::= EXPLAIN QUERY PLAN');
INSERT INTO rulerhs(ruleid,pos,sym)VALUES(1,0,2);
INSERT INTO rulerhs(ruleid,pos,sym)VALUES(1,1,3);
INSERT INTO rulerhs(ruleid,pos,sym)VALUES(1,2,4);
INSERT INTO rule(ruleid,lhs,txt)VALUES(2,184,'cmdx ::= cmd');
INSERT INTO rulerhs(ruleid,pos,sym)VALUES(2,0,186);
INSERT INTO rule(ruleid,lhs,txt)VALUES(3,186,'cmd ::= BEGIN transtype trans_opt');
INSERT INTO rulerhs(ruleid,pos,sym)VALUES(3,0,5);
INSERT INTO rulerhs(ruleid,pos,sym)VALUES(3,1,187);
INSERT INTO rulerhs(ruleid,pos,sym)VALUES(3,2,188);
INSERT INTO rule(ruleid,lhs,txt)VALUES(4,187,'transtype ::=');
INSERT INTO rule(ruleid,lhs,txt)VALUES(5,187,'transtype ::= DEFERRED');
INSERT INTO rulerhs(ruleid,pos,sym)VALUES(5,0,7);
INSERT INTO rule(ruleid,lhs,txt)VALUES(6,187,'transtype ::= IMMEDIATE');
INSERT INTO rulerhs(ruleid,pos,sym)VALUES(6,0,8);
INSERT INTO rule(ruleid,lhs,txt)VALUES(7,187,'transtype ::= EXCLUSIVE');
INSERT INTO rulerhs(ruleid,pos,sym)VALUES(7,0,9);
INSERT INTO rule(ruleid,lhs,txt)VALUES(8,186,'cmd ::= COMMIT|END trans_opt');
INSERT INTO rulerhs(ruleid,pos,sym)VALUES(8,0,10);
INSERT INTO rulerhs(ruleid,pos,sym)VALUES(8,0,11);
INSERT INTO rulerhs(ruleid,pos,sym)VALUES(8,1,188);
INSERT INTO rule(ruleid,lhs,txt)VALUES(9,186,'cmd ::= ROLLBACK trans_opt');
INSERT INTO rulerhs(ruleid,pos,sym)VALUES(9,0,12);
INSERT INTO rulerhs(ruleid,pos,sym)VALUES(9,1,188);
INSERT INTO rule(ruleid,lhs,txt)VALUES(10,186,'cmd ::= SAVEPOINT nm');
INSERT INTO rulerhs(ruleid,pos,sym)VALUES(10,0,13);
INSERT INTO rulerhs(ruleid,pos,sym)VALUES(10,1,189);
INSERT INTO rule(ruleid,lhs,txt)VALUES(11,186,'cmd ::= RELEASE savepoint_opt nm');
INSERT INTO rulerhs(ruleid,pos,sym)VALUES(11,0,14);
INSERT INTO rulerhs(ruleid,pos,sym)VALUES(11,1,190);
INSERT INTO rulerhs(ruleid,pos,sym)VALUES(11,2,189);
INSERT INTO rule(ruleid,lhs,txt)VALUES(12,186,'cmd ::= ROLLBACK trans_opt TO savepoint_opt nm');
INSERT INTO rulerhs(ruleid,pos,sym)VALUES(12,0,12);
INSERT INTO rulerhs(ruleid,pos,sym)VALUES(12,1,188);
INSERT INTO rulerhs(ruleid,pos,sym)VALUES(12,2,15);
INSERT INTO rulerhs(ruleid,pos,sym)VALUES(12,3,190);
INSERT INTO rulerhs(ruleid,pos,sym)VALUES(12,4,189);
INSERT INTO rule(ruleid,lhs,txt)VALUES(13,191,'create_table ::= createkw temp TABLE ifnotexists nm dbnm');
INSERT INTO rulerhs(ruleid,pos,sym)VALUES(13,0,193);
INSERT INTO rulerhs(ruleid,pos,sym)VALUES(13,1,194);
INSERT INTO rulerhs(ruleid,pos,sym)VALUES(13,2,16);
INSERT INTO rulerhs(ruleid,pos,sym)VALUES(13,3,195);
INSERT INTO rulerhs(ruleid,pos,sym)VALUES(13,4,189);
INSERT INTO rulerhs(ruleid,pos,sym)VALUES(13,5,196);
INSERT INTO rule(ruleid,lhs,txt)VALUES(14,193,'createkw ::= CREATE');
INSERT INTO rulerhs(ruleid,pos,sym)VALUES(14,0,17);
INSERT INTO rule(ruleid,lhs,txt)VALUES(15,195,'ifnotexists ::=');
INSERT INTO rule(ruleid,lhs,txt)VALUES(16,195,'ifnotexists ::= IF NOT EXISTS');
INSERT INTO rulerhs(ruleid,pos,sym)VALUES(16,0,18);
INSERT INTO rulerhs(ruleid,pos,sym)VALUES(16,1,19);
INSERT INTO rulerhs(ruleid,pos,sym)VALUES(16,2,20);
INSERT INTO rule(ruleid,lhs,txt)VALUES(17,194,'temp ::= TEMP');
INSERT INTO rulerhs(ruleid,pos,sym)VALUES(17,0,21);
INSERT INTO rule(ruleid,lhs,txt)VALUES(18,194,'temp ::=');
INSERT INTO rule(ruleid,lhs,txt)VALUES(19,192,'create_table_args ::= LP columnlist conslist_opt RP table_options');
INSERT INTO rulerhs(ruleid,pos,sym)VALUES(19,0,22);
INSERT INTO rulerhs(ruleid,pos,sym)VALUES(19,1,197);
INSERT INTO rulerhs(ruleid,pos,sym)VALUES(19,2,198);
INSERT INTO rulerhs(ruleid,pos,sym)VALUES(19,3,23);
INSERT INTO rulerhs(ruleid,pos,sym)VALUES(19,4,199);
INSERT INTO rule(ruleid,lhs,txt)VALUES(20,192,'create_table_args ::= AS select');
INSERT INTO rulerhs(ruleid,pos,sym)VALUES(20,0,24);
INSERT INTO rulerhs(ruleid,pos,sym)VALUES(20,1,200);
INSERT INTO rule(ruleid,lhs,txt)VALUES(21,199,'table_options ::=');
INSERT INTO rule(ruleid,lhs,txt)VALUES(22,199,'table_options ::= WITHOUT nm');
INSERT INTO rulerhs(ruleid,pos,sym)VALUES(22,0,25);
INSERT INTO rulerhs(ruleid,pos,sym)VALUES(22,1,189);
INSERT INTO rule(ruleid,lhs,txt)VALUES(23,201,'columnname ::= nm typetoken');
INSERT INTO rulerhs(ruleid,pos,sym)VALUES(23,0,189);
INSERT INTO rulerhs(ruleid,pos,sym)VALUES(23,1,203);
INSERT INTO rule(ruleid,lhs,txt)VALUES(24,203,'typetoken ::=');
INSERT INTO rule(ruleid,lhs,txt)VALUES(25,203,'typetoken ::= typename LP signed RP');
INSERT INTO rulerhs(ruleid,pos,sym)VALUES(25,0,204);
INSERT INTO rulerhs(ruleid,pos,sym)VALUES(25,1,22);
INSERT INTO rulerhs(ruleid,pos,sym)VALUES(25,2,205);
INSERT INTO rulerhs(ruleid,pos,sym)VALUES(25,3,23);
INSERT INTO rule(ruleid,lhs,txt)VALUES(26,203,'typetoken ::= typename LP signed COMMA signed RP');
INSERT INTO rulerhs(ruleid,pos,sym)VALUES(26,0,204);
INSERT INTO rulerhs(ruleid,pos,sym)VALUES(26,1,22);
INSERT INTO rulerhs(ruleid,pos,sym)VALUES(26,2,205);
INSERT INTO rulerhs(ruleid,pos,sym)VALUES(26,3,26);
INSERT INTO rulerhs(ruleid,pos,sym)VALUES(26,4,205);
INSERT INTO rulerhs(ruleid,pos,sym)VALUES(26,5,23);
INSERT INTO rule(ruleid,lhs,txt)VALUES(27,204,'typename ::= typename ID|STRING');
INSERT INTO rulerhs(ruleid,pos,sym)VALUES(27,0,204);
INSERT INTO rulerhs(ruleid,pos,sym)VALUES(27,1,59);
INSERT INTO rulerhs(ruleid,pos,sym)VALUES(27,1,115);
INSERT INTO rule(ruleid,lhs,txt)VALUES(28,208,'scanpt ::=');
INSERT INTO rule(ruleid,lhs,txt)VALUES(29,209,'scantok ::=');
INSERT INTO rule(ruleid,lhs,txt)VALUES(30,210,'ccons ::= CONSTRAINT nm');
INSERT INTO rulerhs(ruleid,pos,sym)VALUES(30,0,117);
INSERT INTO rulerhs(ruleid,pos,sym)VALUES(30,1,189);
INSERT INTO rule(ruleid,lhs,txt)VALUES(31,210,'ccons ::= DEFAULT scantok term');
INSERT INTO rulerhs(ruleid,pos,sym)VALUES(31,0,118);
INSERT INTO rulerhs(ruleid,pos,sym)VALUES(31,1,209);
INSERT INTO rulerhs(ruleid,pos,sym)VALUES(31,2,211);
INSERT INTO rule(ruleid,lhs,txt)VALUES(32,210,'ccons ::= DEFAULT LP expr RP');
INSERT INTO rulerhs(ruleid,pos,sym)VALUES(32,0,118);
INSERT INTO rulerhs(ruleid,pos,sym)VALUES(32,1,22);
INSERT INTO rulerhs(ruleid,pos,sym)VALUES(32,2,212);
INSERT INTO rulerhs(ruleid,pos,sym)VALUES(32,3,23);
INSERT INTO rule(ruleid,lhs,txt)VALUES(33,210,'ccons ::= DEFAULT PLUS scantok term');
INSERT INTO rulerhs(ruleid,pos,sym)VALUES(33,0,118);
INSERT INTO rulerhs(ruleid,pos,sym)VALUES(33,1,105);
INSERT INTO rulerhs(ruleid,pos,sym)VALUES(33,2,209);
INSERT INTO rulerhs(ruleid,pos,sym)VALUES(33,3,211);
INSERT INTO rule(ruleid,lhs,txt)VALUES(34,210,'ccons ::= DEFAULT MINUS scantok term');
INSERT INTO rulerhs(ruleid,pos,sym)VALUES(34,0,118);
INSERT INTO rulerhs(ruleid,pos,sym)VALUES(34,1,106);
INSERT INTO rulerhs(ruleid,pos,sym)VALUES(34,2,209);
INSERT INTO rulerhs(ruleid,pos,sym)VALUES(34,3,211);
INSERT INTO rule(ruleid,lhs,txt)VALUES(35,210,'ccons ::= DEFAULT scantok ID|INDEXED');
INSERT INTO rulerhs(ruleid,pos,sym)VALUES(35,0,118);
INSERT INTO rulerhs(ruleid,pos,sym)VALUES(35,1,209);
INSERT INTO rulerhs(ruleid,pos,sym)VALUES(35,2,59);
INSERT INTO rulerhs(ruleid,pos,sym)VALUES(35,2,114);
INSERT INTO rule(ruleid,lhs,txt)VALUES(36,210,'ccons ::= NOT NULL onconf');
INSERT INTO rulerhs(ruleid,pos,sym)VALUES(36,0,19);
INSERT INTO rulerhs(ruleid,pos,sym)VALUES(36,1,119);
INSERT INTO rulerhs(ruleid,pos,sym)VALUES(36,2,213);
INSERT INTO rule(ruleid,lhs,txt)VALUES(37,210,'ccons ::= PRIMARY KEY sortorder onconf autoinc');
INSERT INTO rulerhs(ruleid,pos,sym)VALUES(37,0,120);
INSERT INTO rulerhs(ruleid,pos,sym)VALUES(37,1,67);
INSERT INTO rulerhs(ruleid,pos,sym)VALUES(37,2,214);
INSERT INTO rulerhs(ruleid,pos,sym)VALUES(37,3,213);
INSERT INTO rulerhs(ruleid,pos,sym)VALUES(37,4,215);
INSERT INTO rule(ruleid,lhs,txt)VALUES(38,210,'ccons ::= UNIQUE onconf');
INSERT INTO rulerhs(ruleid,pos,sym)VALUES(38,0,121);
INSERT INTO rulerhs(ruleid,pos,sym)VALUES(38,1,213);
INSERT INTO rule(ruleid,lhs,txt)VALUES(39,210,'ccons ::= CHECK LP expr RP');
INSERT INTO rulerhs(ruleid,pos,sym)VALUES(39,0,122);
INSERT INTO rulerhs(ruleid,pos,sym)VALUES(39,1,22);
INSERT INTO rulerhs(ruleid,pos,sym)VALUES(39,2,212);
INSERT INTO rulerhs(ruleid,pos,sym)VALUES(39,3,23);
INSERT INTO rule(ruleid,lhs,txt)VALUES(40,210,'ccons ::= REFERENCES nm eidlist_opt refargs');
INSERT INTO rulerhs(ruleid,pos,sym)VALUES(40,0,123);
INSERT INTO rulerhs(ruleid,pos,sym)VALUES(40,1,189);
INSERT INTO rulerhs(ruleid,pos,sym)VALUES(40,2,216);
INSERT INTO rulerhs(ruleid,pos,sym)VALUES(40,3,217);
INSERT INTO rule(ruleid,lhs,txt)VALUES(41,210,'ccons ::= defer_subclause');
INSERT INTO rulerhs(ruleid,pos,sym)VALUES(41,0,218);
INSERT INTO rule(ruleid,lhs,txt)VALUES(42,210,'ccons ::= COLLATE ID|STRING');
INSERT INTO rulerhs(ruleid,pos,sym)VALUES(42,0,111);
INSERT INTO rulerhs(ruleid,pos,sym)VALUES(42,1,59);
INSERT INTO rulerhs(ruleid,pos,sym)VALUES(42,1,115);
INSERT INTO rule(ruleid,lhs,txt)VALUES(43,219,'generated ::= LP expr RP');
INSERT INTO rulerhs(ruleid,pos,sym)VALUES(43,0,22);
INSERT INTO rulerhs(ruleid,pos,sym)VALUES(43,1,212);
INSERT INTO rulerhs(ruleid,pos,sym)VALUES(43,2,23);
INSERT INTO rule(ruleid,lhs,txt)VALUES(44,219,'generated ::= LP expr RP ID');
INSERT INTO rulerhs(ruleid,pos,sym)VALUES(44,0,22);
INSERT INTO rulerhs(ruleid,pos,sym)VALUES(44,1,212);
INSERT INTO rulerhs(ruleid,pos,sym)VALUES(44,2,23);
INSERT INTO rulerhs(ruleid,pos,sym)VALUES(44,3,59);
INSERT INTO rule(ruleid,lhs,txt)VALUES(45,215,'autoinc ::=');
INSERT INTO rule(ruleid,lhs,txt)VALUES(46,215,'autoinc ::= AUTOINCR');
INSERT INTO rulerhs(ruleid,pos,sym)VALUES(46,0,124);
INSERT INTO rule(ruleid,lhs,txt)VALUES(47,217,'refargs ::=');
INSERT INTO rule(ruleid,lhs,txt)VALUES(48,217,'refargs ::= refargs refarg');
INSERT INTO rulerhs(ruleid,pos,sym)VALUES(48,0,217);
INSERT INTO rulerhs(ruleid,pos,sym)VALUES(48,1,220);
INSERT INTO rule(ruleid,lhs,txt)VALUES(49,220,'refarg ::= MATCH nm');
INSERT INTO rulerhs(ruleid,pos,sym)VALUES(49,0,46);
INSERT INTO rulerhs(ruleid,pos,sym)VALUES(49,1,189);
INSERT INTO rule(ruleid,lhs,txt)VALUES(50,220,'refarg ::= ON INSERT refact');
INSERT INTO rulerhs(ruleid,pos,sym)VALUES(50,0,113);
INSERT INTO rulerhs(ruleid,pos,sym)VALUES(50,1,125);
INSERT INTO rulerhs(ruleid,pos,sym)VALUES(50,2,221);
INSERT INTO rule(ruleid,lhs,txt)VALUES(51,220,'refarg ::= ON DELETE refact');
INSERT INTO rulerhs(ruleid,pos,sym)VALUES(51,0,113);
INSERT INTO rulerhs(ruleid,pos,sym)VALUES(51,1,126);
INSERT INTO rulerhs(ruleid,pos,sym)VALUES(51,2,221);
INSERT INTO rule(ruleid,lhs,txt)VALUES(52,220,'refarg ::= ON UPDATE refact');
INSERT INTO rulerhs(ruleid,pos,sym)VALUES(52,0,113);
INSERT INTO rulerhs(ruleid,pos,sym)VALUES(52,1,127);
INSERT INTO rulerhs(ruleid,pos,sym)VALUES(52,2,221);
INSERT INTO rule(ruleid,lhs,txt)VALUES(53,221,'refact ::= SET NULL');
INSERT INTO rulerhs(ruleid,pos,sym)VALUES(53,0,128);
INSERT INTO rulerhs(ruleid,pos,sym)VALUES(53,1,119);
INSERT INTO rule(ruleid,lhs,txt)VALUES(54,221,'refact ::= SET DEFAULT');
INSERT INTO rulerhs(ruleid,pos,sym)VALUES(54,0,128);
INSERT INTO rulerhs(ruleid,pos,sym)VALUES(54,1,118);
INSERT INTO rule(ruleid,lhs,txt)VALUES(55,221,'refact ::= CASCADE');
INSERT INTO rulerhs(ruleid,pos,sym)VALUES(55,0,35);
INSERT INTO rule(ruleid,lhs,txt)VALUES(56,221,'refact ::= RESTRICT');
INSERT INTO rulerhs(ruleid,pos,sym)VALUES(56,0,74);
INSERT INTO rule(ruleid,lhs,txt)VALUES(57,221,'refact ::= NO ACTION');
INSERT INTO rulerhs(ruleid,pos,sym)VALUES(57,0,66);
INSERT INTO rulerhs(ruleid,pos,sym)VALUES(57,1,28);
INSERT INTO rule(ruleid,lhs,txt)VALUES(58,218,'defer_subclause ::= NOT DEFERRABLE init_deferred_pred_opt');
INSERT INTO rulerhs(ruleid,pos,sym)VALUES(58,0,19);
INSERT INTO rulerhs(ruleid,pos,sym)VALUES(58,1,129);
INSERT INTO rulerhs(ruleid,pos,sym)VALUES(58,2,222);
INSERT INTO rule(ruleid,lhs,txt)VALUES(59,218,'defer_subclause ::= DEFERRABLE init_deferred_pred_opt');
INSERT INTO rulerhs(ruleid,pos,sym)VALUES(59,0,129);
INSERT INTO rulerhs(ruleid,pos,sym)VALUES(59,1,222);
INSERT INTO rule(ruleid,lhs,txt)VALUES(60,222,'init_deferred_pred_opt ::=');
INSERT INTO rule(ruleid,lhs,txt)VALUES(61,222,'init_deferred_pred_opt ::= INITIALLY DEFERRED');
INSERT INTO rulerhs(ruleid,pos,sym)VALUES(61,0,64);
INSERT INTO rulerhs(ruleid,pos,sym)VALUES(61,1,7);
INSERT INTO rule(ruleid,lhs,txt)VALUES(62,222,'init_deferred_pred_opt ::= INITIALLY IMMEDIATE');
INSERT INTO rulerhs(ruleid,pos,sym)VALUES(62,0,64);
INSERT INTO rulerhs(ruleid,pos,sym)VALUES(62,1,8);
INSERT INTO rule(ruleid,lhs,txt)VALUES(63,198,'conslist_opt ::=');
INSERT INTO rule(ruleid,lhs,txt)VALUES(64,224,'tconscomma ::= COMMA');
INSERT INTO rulerhs(ruleid,pos,sym)VALUES(64,0,26);
INSERT INTO rule(ruleid,lhs,txt)VALUES(65,225,'tcons ::= CONSTRAINT nm');
INSERT INTO rulerhs(ruleid,pos,sym)VALUES(65,0,117);
INSERT INTO rulerhs(ruleid,pos,sym)VALUES(65,1,189);
INSERT INTO rule(ruleid,lhs,txt)VALUES(66,225,'tcons ::= PRIMARY KEY LP sortlist autoinc RP onconf');
INSERT INTO rulerhs(ruleid,pos,sym)VALUES(66,0,120);
INSERT INTO rulerhs(ruleid,pos,sym)VALUES(66,1,67);
INSERT INTO rulerhs(ruleid,pos,sym)VALUES(66,2,22);
INSERT INTO rulerhs(ruleid,pos,sym)VALUES(66,3,226);
INSERT INTO rulerhs(ruleid,pos,sym)VALUES(66,4,215);
INSERT INTO rulerhs(ruleid,pos,sym)VALUES(66,5,23);
INSERT INTO rulerhs(ruleid,pos,sym)VALUES(66,6,213);
INSERT INTO rule(ruleid,lhs,txt)VALUES(67,225,'tcons ::= UNIQUE LP sortlist RP onconf');
INSERT INTO rulerhs(ruleid,pos,sym)VALUES(67,0,121);
INSERT INTO rulerhs(ruleid,pos,sym)VALUES(67,1,22);
INSERT INTO rulerhs(ruleid,pos,sym)VALUES(67,2,226);
INSERT INTO rulerhs(ruleid,pos,sym)VALUES(67,3,23);
INSERT INTO rulerhs(ruleid,pos,sym)VALUES(67,4,213);
INSERT INTO rule(ruleid,lhs,txt)VALUES(68,225,'tcons ::= CHECK LP expr RP onconf');
INSERT INTO rulerhs(ruleid,pos,sym)VALUES(68,0,122);
INSERT INTO rulerhs(ruleid,pos,sym)VALUES(68,1,22);
INSERT INTO rulerhs(ruleid,pos,sym)VALUES(68,2,212);
INSERT INTO rulerhs(ruleid,pos,sym)VALUES(68,3,23);
INSERT INTO rulerhs(ruleid,pos,sym)VALUES(68,4,213);
INSERT INTO rule(ruleid,lhs,txt)VALUES(69,225,'tcons ::= FOREIGN KEY LP eidlist RP REFERENCES nm eidlist_opt refargs defer_subclause_opt');
INSERT INTO rulerhs(ruleid,pos,sym)VALUES(69,0,130);
INSERT INTO rulerhs(ruleid,pos,sym)VALUES(69,1,67);
INSERT INTO rulerhs(ruleid,pos,sym)VALUES(69,2,22);
INSERT INTO rulerhs(ruleid,pos,sym)VALUES(69,3,227);
INSERT INTO rulerhs(ruleid,pos,sym)VALUES(69,4,23);
INSERT INTO rulerhs(ruleid,pos,sym)VALUES(69,5,123);
INSERT INTO rulerhs(ruleid,pos,sym)VALUES(69,6,189);
INSERT INTO rulerhs(ruleid,pos,sym)VALUES(69,7,216);
INSERT INTO rulerhs(ruleid,pos,sym)VALUES(69,8,217);
INSERT INTO rulerhs(ruleid,pos,sym)VALUES(69,9,228);
INSERT INTO rule(ruleid,lhs,txt)VALUES(70,228,'defer_subclause_opt ::=');
INSERT INTO rule(ruleid,lhs,txt)VALUES(71,213,'onconf ::=');
INSERT INTO rule(ruleid,lhs,txt)VALUES(72,213,'onconf ::= ON CONFLICT resolvetype');
INSERT INTO rulerhs(ruleid,pos,sym)VALUES(72,0,113);
INSERT INTO rulerhs(ruleid,pos,sym)VALUES(72,1,37);
INSERT INTO rulerhs(ruleid,pos,sym)VALUES(72,2,230);
INSERT INTO rule(ruleid,lhs,txt)VALUES(73,229,'orconf ::=');
INSERT INTO rule(ruleid,lhs,txt)VALUES(74,229,'orconf ::= OR resolvetype');
INSERT INTO rulerhs(ruleid,pos,sym)VALUES(74,0,43);
INSERT INTO rulerhs(ruleid,pos,sym)VALUES(74,1,230);
INSERT INTO rule(ruleid,lhs,txt)VALUES(75,230,'resolvetype ::= IGNORE');
INSERT INTO rulerhs(ruleid,pos,sym)VALUES(75,0,63);
INSERT INTO rule(ruleid,lhs,txt)VALUES(76,230,'resolvetype ::= REPLACE');
INSERT INTO rulerhs(ruleid,pos,sym)VALUES(76,0,73);
INSERT INTO rule(ruleid,lhs,txt)VALUES(77,186,'cmd ::= DROP TABLE ifexists fullname');
INSERT INTO rulerhs(ruleid,pos,sym)VALUES(77,0,131);
INSERT INTO rulerhs(ruleid,pos,sym)VALUES(77,1,16);
INSERT INTO rulerhs(ruleid,pos,sym)VALUES(77,2,232);
INSERT INTO rulerhs(ruleid,pos,sym)VALUES(77,3,233);
INSERT INTO rule(ruleid,lhs,txt)VALUES(78,232,'ifexists ::= IF EXISTS');
INSERT INTO rulerhs(ruleid,pos,sym)VALUES(78,0,18);
INSERT INTO rulerhs(ruleid,pos,sym)VALUES(78,1,20);
INSERT INTO rule(ruleid,lhs,txt)VALUES(79,232,'ifexists ::=');
INSERT INTO rule(ruleid,lhs,txt)VALUES(80,186,'cmd ::= createkw temp VIEW ifnotexists nm dbnm eidlist_opt AS select');
INSERT INTO rulerhs(ruleid,pos,sym)VALUES(80,0,193);
INSERT INTO rulerhs(ruleid,pos,sym)VALUES(80,1,194);
INSERT INTO rulerhs(ruleid,pos,sym)VALUES(80,2,79);
INSERT INTO rulerhs(ruleid,pos,sym)VALUES(80,3,195);
INSERT INTO rulerhs(ruleid,pos,sym)VALUES(80,4,189);
INSERT INTO rulerhs(ruleid,pos,sym)VALUES(80,5,196);
INSERT INTO rulerhs(ruleid,pos,sym)VALUES(80,6,216);
INSERT INTO rulerhs(ruleid,pos,sym)VALUES(80,7,24);
INSERT INTO rulerhs(ruleid,pos,sym)VALUES(80,8,200);
INSERT INTO rule(ruleid,lhs,txt)VALUES(81,186,'cmd ::= DROP VIEW ifexists fullname');
INSERT INTO rulerhs(ruleid,pos,sym)VALUES(81,0,131);
INSERT INTO rulerhs(ruleid,pos,sym)VALUES(81,1,79);
INSERT INTO rulerhs(ruleid,pos,sym)VALUES(81,2,232);
INSERT INTO rulerhs(ruleid,pos,sym)VALUES(81,3,233);
INSERT INTO rule(ruleid,lhs,txt)VALUES(82,186,'cmd ::= select');
INSERT INTO rulerhs(ruleid,pos,sym)VALUES(82,0,200);
INSERT INTO rule(ruleid,lhs,txt)VALUES(83,200,'select ::= WITH wqlist selectnowith');
INSERT INTO rulerhs(ruleid,pos,sym)VALUES(83,0,81);
INSERT INTO rulerhs(ruleid,pos,sym)VALUES(83,1,236);
INSERT INTO rulerhs(ruleid,pos,sym)VALUES(83,2,234);
INSERT INTO rule(ruleid,lhs,txt)VALUES(84,200,'select ::= WITH RECURSIVE wqlist selectnowith');
INSERT INTO rulerhs(ruleid,pos,sym)VALUES(84,0,81);
INSERT INTO rulerhs(ruleid,pos,sym)VALUES(84,1,72);
INSERT INTO rulerhs(ruleid,pos,sym)VALUES(84,2,236);
INSERT INTO rulerhs(ruleid,pos,sym)VALUES(84,3,234);
INSERT INTO rule(ruleid,lhs,txt)VALUES(85,200,'select ::= selectnowith');
INSERT INTO rulerhs(ruleid,pos,sym)VALUES(85,0,234);
INSERT INTO rule(ruleid,lhs,txt)VALUES(86,234,'selectnowith ::= selectnowith multiselect_op oneselect');
INSERT INTO rulerhs(ruleid,pos,sym)VALUES(86,0,234);
INSERT INTO rulerhs(ruleid,pos,sym)VALUES(86,1,237);
INSERT INTO rulerhs(ruleid,pos,sym)VALUES(86,2,235);
INSERT INTO rule(ruleid,lhs,txt)VALUES(87,237,'multiselect_op ::= UNION');
INSERT INTO rulerhs(ruleid,pos,sym)VALUES(87,0,132);
INSERT INTO rule(ruleid,lhs,txt)VALUES(88,237,'multiselect_op ::= UNION ALL');
INSERT INTO rulerhs(ruleid,pos,sym)VALUES(88,0,132);
INSERT INTO rulerhs(ruleid,pos,sym)VALUES(88,1,133);
INSERT INTO rule(ruleid,lhs,txt)VALUES(89,237,'multiselect_op ::= EXCEPT|INTERSECT');
INSERT INTO rulerhs(ruleid,pos,sym)VALUES(89,0,134);
INSERT INTO rulerhs(ruleid,pos,sym)VALUES(89,0,135);
INSERT INTO rule(ruleid,lhs,txt)VALUES(90,235,'oneselect ::= SELECT distinct selcollist from where_opt groupby_opt having_opt orderby_opt limit_opt');
INSERT INTO rulerhs(ruleid,pos,sym)VALUES(90,0,136);
INSERT INTO rulerhs(ruleid,pos,sym)VALUES(90,1,238);
INSERT INTO rulerhs(ruleid,pos,sym)VALUES(90,2,239);
INSERT INTO rulerhs(ruleid,pos,sym)VALUES(90,3,240);
INSERT INTO rulerhs(ruleid,pos,sym)VALUES(90,4,241);
INSERT INTO rulerhs(ruleid,pos,sym)VALUES(90,5,242);
INSERT INTO rulerhs(ruleid,pos,sym)VALUES(90,6,243);
INSERT INTO rulerhs(ruleid,pos,sym)VALUES(90,7,244);
INSERT INTO rulerhs(ruleid,pos,sym)VALUES(90,8,245);
INSERT INTO rule(ruleid,lhs,txt)VALUES(91,235,'oneselect ::= SELECT distinct selcollist from where_opt groupby_opt having_opt window_clause orderby_opt limit_opt');
INSERT INTO rulerhs(ruleid,pos,sym)VALUES(91,0,136);
INSERT INTO rulerhs(ruleid,pos,sym)VALUES(91,1,238);
INSERT INTO rulerhs(ruleid,pos,sym)VALUES(91,2,239);
INSERT INTO rulerhs(ruleid,pos,sym)VALUES(91,3,240);
INSERT INTO rulerhs(ruleid,pos,sym)VALUES(91,4,241);
INSERT INTO rulerhs(ruleid,pos,sym)VALUES(91,5,242);
INSERT INTO rulerhs(ruleid,pos,sym)VALUES(91,6,243);
INSERT INTO rulerhs(ruleid,pos,sym)VALUES(91,7,246);
INSERT INTO rulerhs(ruleid,pos,sym)VALUES(91,8,244);
INSERT INTO rulerhs(ruleid,pos,sym)VALUES(91,9,245);
INSERT INTO rule(ruleid,lhs,txt)VALUES(92,247,'values ::= VALUES LP nexprlist RP');
INSERT INTO rulerhs(ruleid,pos,sym)VALUES(92,0,137);
INSERT INTO rulerhs(ruleid,pos,sym)VALUES(92,1,22);
INSERT INTO rulerhs(ruleid,pos,sym)VALUES(92,2,248);
INSERT INTO rulerhs(ruleid,pos,sym)VALUES(92,3,23);
INSERT INTO rule(ruleid,lhs,txt)VALUES(93,247,'values ::= values COMMA LP nexprlist RP');
INSERT INTO rulerhs(ruleid,pos,sym)VALUES(93,0,247);
INSERT INTO rulerhs(ruleid,pos,sym)VALUES(93,1,26);
INSERT INTO rulerhs(ruleid,pos,sym)VALUES(93,2,22);
INSERT INTO rulerhs(ruleid,pos,sym)VALUES(93,3,248);
INSERT INTO rulerhs(ruleid,pos,sym)VALUES(93,4,23);
INSERT INTO rule(ruleid,lhs,txt)VALUES(94,238,'distinct ::= DISTINCT');
INSERT INTO rulerhs(ruleid,pos,sym)VALUES(94,0,138);
INSERT INTO rule(ruleid,lhs,txt)VALUES(95,238,'distinct ::= ALL');
INSERT INTO rulerhs(ruleid,pos,sym)VALUES(95,0,133);
INSERT INTO rule(ruleid,lhs,txt)VALUES(96,238,'distinct ::=');
INSERT INTO rule(ruleid,lhs,txt)VALUES(97,249,'sclp ::=');
INSERT INTO rule(ruleid,lhs,txt)VALUES(98,239,'selcollist ::= sclp scanpt expr scanpt as');
INSERT INTO rulerhs(ruleid,pos,sym)VALUES(98,0,249);
INSERT INTO rulerhs(ruleid,pos,sym)VALUES(98,1,208);
INSERT INTO rulerhs(ruleid,pos,sym)VALUES(98,2,212);
INSERT INTO rulerhs(ruleid,pos,sym)VALUES(98,3,208);
INSERT INTO rulerhs(ruleid,pos,sym)VALUES(98,4,250);
INSERT INTO rule(ruleid,lhs,txt)VALUES(99,239,'selcollist ::= sclp scanpt STAR');
INSERT INTO rulerhs(ruleid,pos,sym)VALUES(99,0,249);
INSERT INTO rulerhs(ruleid,pos,sym)VALUES(99,1,208);
INSERT INTO rulerhs(ruleid,pos,sym)VALUES(99,2,107);
INSERT INTO rule(ruleid,lhs,txt)VALUES(100,239,'selcollist ::= sclp scanpt nm DOT STAR');
INSERT INTO rulerhs(ruleid,pos,sym)VALUES(100,0,249);
INSERT INTO rulerhs(ruleid,pos,sym)VALUES(100,1,208);
INSERT INTO rulerhs(ruleid,pos,sym)VALUES(100,2,189);
INSERT INTO rulerhs(ruleid,pos,sym)VALUES(100,3,139);
INSERT INTO rulerhs(ruleid,pos,sym)VALUES(100,4,107);
INSERT INTO rule(ruleid,lhs,txt)VALUES(101,250,'as ::= AS nm');
INSERT INTO rulerhs(ruleid,pos,sym)VALUES(101,0,24);
INSERT INTO rulerhs(ruleid,pos,sym)VALUES(101,1,189);
INSERT INTO rule(ruleid,lhs,txt)VALUES(102,250,'as ::=');
INSERT INTO rule(ruleid,lhs,txt)VALUES(103,240,'from ::=');
INSERT INTO rule(ruleid,lhs,txt)VALUES(104,240,'from ::= FROM seltablist');
INSERT INTO rulerhs(ruleid,pos,sym)VALUES(104,0,140);
INSERT INTO rulerhs(ruleid,pos,sym)VALUES(104,1,251);
INSERT INTO rule(ruleid,lhs,txt)VALUES(105,252,'stl_prefix ::= seltablist joinop');
INSERT INTO rulerhs(ruleid,pos,sym)VALUES(105,0,251);
INSERT INTO rulerhs(ruleid,pos,sym)VALUES(105,1,253);
INSERT INTO rule(ruleid,lhs,txt)VALUES(106,252,'stl_prefix ::=');
INSERT INTO rule(ruleid,lhs,txt)VALUES(107,251,'seltablist ::= stl_prefix nm dbnm as indexed_opt on_opt using_opt');
INSERT INTO rulerhs(ruleid,pos,sym)VALUES(107,0,252);
INSERT INTO rulerhs(ruleid,pos,sym)VALUES(107,1,189);
INSERT INTO rulerhs(ruleid,pos,sym)VALUES(107,2,196);
INSERT INTO rulerhs(ruleid,pos,sym)VALUES(107,3,250);
INSERT INTO rulerhs(ruleid,pos,sym)VALUES(107,4,254);
INSERT INTO rulerhs(ruleid,pos,sym)VALUES(107,5,255);
INSERT INTO rulerhs(ruleid,pos,sym)VALUES(107,6,256);
INSERT INTO rule(ruleid,lhs,txt)VALUES(108,251,'seltablist ::= stl_prefix nm dbnm LP exprlist RP as on_opt using_opt');
INSERT INTO rulerhs(ruleid,pos,sym)VALUES(108,0,252);
INSERT INTO rulerhs(ruleid,pos,sym)VALUES(108,1,189);
INSERT INTO rulerhs(ruleid,pos,sym)VALUES(108,2,196);
INSERT INTO rulerhs(ruleid,pos,sym)VALUES(108,3,22);
INSERT INTO rulerhs(ruleid,pos,sym)VALUES(108,4,257);
INSERT INTO rulerhs(ruleid,pos,sym)VALUES(108,5,23);
INSERT INTO rulerhs(ruleid,pos,sym)VALUES(108,6,250);
INSERT INTO rulerhs(ruleid,pos,sym)VALUES(108,7,255);
INSERT INTO rulerhs(ruleid,pos,sym)VALUES(108,8,256);
INSERT INTO rule(ruleid,lhs,txt)VALUES(109,251,'seltablist ::= stl_prefix LP select RP as on_opt using_opt');
INSERT INTO rulerhs(ruleid,pos,sym)VALUES(109,0,252);
INSERT INTO rulerhs(ruleid,pos,sym)VALUES(109,1,22);
INSERT INTO rulerhs(ruleid,pos,sym)VALUES(109,2,200);
INSERT INTO rulerhs(ruleid,pos,sym)VALUES(109,3,23);
INSERT INTO rulerhs(ruleid,pos,sym)VALUES(109,4,250);
INSERT INTO rulerhs(ruleid,pos,sym)VALUES(109,5,255);
INSERT INTO rulerhs(ruleid,pos,sym)VALUES(109,6,256);
INSERT INTO rule(ruleid,lhs,txt)VALUES(110,251,'seltablist ::= stl_prefix LP seltablist RP as on_opt using_opt');
INSERT INTO rulerhs(ruleid,pos,sym)VALUES(110,0,252);
INSERT INTO rulerhs(ruleid,pos,sym)VALUES(110,1,22);
INSERT INTO rulerhs(ruleid,pos,sym)VALUES(110,2,251);
INSERT INTO rulerhs(ruleid,pos,sym)VALUES(110,3,23);
INSERT INTO rulerhs(ruleid,pos,sym)VALUES(110,4,250);
INSERT INTO rulerhs(ruleid,pos,sym)VALUES(110,5,255);
INSERT INTO rulerhs(ruleid,pos,sym)VALUES(110,6,256);
INSERT INTO rule(ruleid,lhs,txt)VALUES(111,196,'dbnm ::=');
INSERT INTO rule(ruleid,lhs,txt)VALUES(112,196,'dbnm ::= DOT nm');
INSERT INTO rulerhs(ruleid,pos,sym)VALUES(112,0,139);
INSERT INTO rulerhs(ruleid,pos,sym)VALUES(112,1,189);
INSERT INTO rule(ruleid,lhs,txt)VALUES(113,233,'fullname ::= nm');
INSERT INTO rulerhs(ruleid,pos,sym)VALUES(113,0,189);
INSERT INTO rule(ruleid,lhs,txt)VALUES(114,233,'fullname ::= nm DOT nm');
INSERT INTO rulerhs(ruleid,pos,sym)VALUES(114,0,189);
INSERT INTO rulerhs(ruleid,pos,sym)VALUES(114,1,139);
INSERT INTO rulerhs(ruleid,pos,sym)VALUES(114,2,189);
INSERT INTO rule(ruleid,lhs,txt)VALUES(115,258,'xfullname ::= nm');
INSERT INTO rulerhs(ruleid,pos,sym)VALUES(115,0,189);
INSERT INTO rule(ruleid,lhs,txt)VALUES(116,258,'xfullname ::= nm DOT nm');
INSERT INTO rulerhs(ruleid,pos,sym)VALUES(116,0,189);
INSERT INTO rulerhs(ruleid,pos,sym)VALUES(116,1,139);
INSERT INTO rulerhs(ruleid,pos,sym)VALUES(116,2,189);
INSERT INTO rule(ruleid,lhs,txt)VALUES(117,258,'xfullname ::= nm DOT nm AS nm');
INSERT INTO rulerhs(ruleid,pos,sym)VALUES(117,0,189);
INSERT INTO rulerhs(ruleid,pos,sym)VALUES(117,1,139);
INSERT INTO rulerhs(ruleid,pos,sym)VALUES(117,2,189);
INSERT INTO rulerhs(ruleid,pos,sym)VALUES(117,3,24);
INSERT INTO rulerhs(ruleid,pos,sym)VALUES(117,4,189);
INSERT INTO rule(ruleid,lhs,txt)VALUES(118,258,'xfullname ::= nm AS nm');
INSERT INTO rulerhs(ruleid,pos,sym)VALUES(118,0,189);
INSERT INTO rulerhs(ruleid,pos,sym)VALUES(118,1,24);
INSERT INTO rulerhs(ruleid,pos,sym)VALUES(118,2,189);
INSERT INTO rule(ruleid,lhs,txt)VALUES(119,253,'joinop ::= COMMA|JOIN');
INSERT INTO rulerhs(ruleid,pos,sym)VALUES(119,0,26);
INSERT INTO rulerhs(ruleid,pos,sym)VALUES(119,0,141);
INSERT INTO rule(ruleid,lhs,txt)VALUES(120,253,'joinop ::= JOIN_KW JOIN');
INSERT INTO rulerhs(ruleid,pos,sym)VALUES(120,0,116);
INSERT INTO rulerhs(ruleid,pos,sym)VALUES(120,1,141);
INSERT INTO rule(ruleid,lhs,txt)VALUES(121,253,'joinop ::= JOIN_KW nm JOIN');
INSERT INTO rulerhs(ruleid,pos,sym)VALUES(121,0,116);
INSERT INTO rulerhs(ruleid,pos,sym)VALUES(121,1,189);
INSERT INTO rulerhs(ruleid,pos,sym)VALUES(121,2,141);
INSERT INTO rule(ruleid,lhs,txt)VALUES(122,253,'joinop ::= JOIN_KW nm nm JOIN');
INSERT INTO rulerhs(ruleid,pos,sym)VALUES(122,0,116);
INSERT INTO rulerhs(ruleid,pos,sym)VALUES(122,1,189);
INSERT INTO rulerhs(ruleid,pos,sym)VALUES(122,2,189);
INSERT INTO rulerhs(ruleid,pos,sym)VALUES(122,3,141);
INSERT INTO rule(ruleid,lhs,txt)VALUES(123,255,'on_opt ::= ON expr');
INSERT INTO rulerhs(ruleid,pos,sym)VALUES(123,0,113);
INSERT INTO rulerhs(ruleid,pos,sym)VALUES(123,1,212);
INSERT INTO rule(ruleid,lhs,txt)VALUES(124,255,'on_opt ::=');
INSERT INTO rule(ruleid,lhs,txt)VALUES(125,254,'indexed_opt ::=');
INSERT INTO rule(ruleid,lhs,txt)VALUES(126,254,'indexed_opt ::= INDEXED BY nm');
INSERT INTO rulerhs(ruleid,pos,sym)VALUES(126,0,114);
INSERT INTO rulerhs(ruleid,pos,sym)VALUES(126,1,34);
INSERT INTO rulerhs(ruleid,pos,sym)VALUES(126,2,189);
INSERT INTO rule(ruleid,lhs,txt)VALUES(127,254,'indexed_opt ::= NOT INDEXED');
INSERT INTO rulerhs(ruleid,pos,sym)VALUES(127,0,19);
INSERT INTO rulerhs(ruleid,pos,sym)VALUES(127,1,114);
INSERT INTO rule(ruleid,lhs,txt)VALUES(128,256,'using_opt ::= USING LP idlist RP');
INSERT INTO rulerhs(ruleid,pos,sym)VALUES(128,0,142);
INSERT INTO rulerhs(ruleid,pos,sym)VALUES(128,1,22);
INSERT INTO rulerhs(ruleid,pos,sym)VALUES(128,2,259);
INSERT INTO rulerhs(ruleid,pos,sym)VALUES(128,3,23);
INSERT INTO rule(ruleid,lhs,txt)VALUES(129,256,'using_opt ::=');
INSERT INTO rule(ruleid,lhs,txt)VALUES(130,244,'orderby_opt ::=');
INSERT INTO rule(ruleid,lhs,txt)VALUES(131,244,'orderby_opt ::= ORDER BY sortlist');
INSERT INTO rulerhs(ruleid,pos,sym)VALUES(131,0,143);
INSERT INTO rulerhs(ruleid,pos,sym)VALUES(131,1,34);
INSERT INTO rulerhs(ruleid,pos,sym)VALUES(131,2,226);
INSERT INTO rule(ruleid,lhs,txt)VALUES(132,226,'sortlist ::= sortlist COMMA expr sortorder nulls');
INSERT INTO rulerhs(ruleid,pos,sym)VALUES(132,0,226);
INSERT INTO rulerhs(ruleid,pos,sym)VALUES(132,1,26);
INSERT INTO rulerhs(ruleid,pos,sym)VALUES(132,2,212);
INSERT INTO rulerhs(ruleid,pos,sym)VALUES(132,3,214);
INSERT INTO rulerhs(ruleid,pos,sym)VALUES(132,4,260);
INSERT INTO rule(ruleid,lhs,txt)VALUES(133,226,'sortlist ::= expr sortorder nulls');
INSERT INTO rulerhs(ruleid,pos,sym)VALUES(133,0,212);
INSERT INTO rulerhs(ruleid,pos,sym)VALUES(133,1,214);
INSERT INTO rulerhs(ruleid,pos,sym)VALUES(133,2,260);
INSERT INTO rule(ruleid,lhs,txt)VALUES(134,214,'sortorder ::= ASC');
INSERT INTO rulerhs(ruleid,pos,sym)VALUES(134,0,31);
INSERT INTO rule(ruleid,lhs,txt)VALUES(135,214,'sortorder ::= DESC');
INSERT INTO rulerhs(ruleid,pos,sym)VALUES(135,0,39);
INSERT INTO rule(ruleid,lhs,txt)VALUES(136,214,'sortorder ::=');
INSERT INTO rule(ruleid,lhs,txt)VALUES(137,260,'nulls ::= NULLS FIRST');
INSERT INTO rulerhs(ruleid,pos,sym)VALUES(137,0,82);
INSERT INTO rulerhs(ruleid,pos,sym)VALUES(137,1,83);
INSERT INTO rule(ruleid,lhs,txt)VALUES(138,260,'nulls ::= NULLS LAST');
INSERT INTO rulerhs(ruleid,pos,sym)VALUES(138,0,82);
INSERT INTO rulerhs(ruleid,pos,sym)VALUES(138,1,84);
INSERT INTO rule(ruleid,lhs,txt)VALUES(139,260,'nulls ::=');
INSERT INTO rule(ruleid,lhs,txt)VALUES(140,242,'groupby_opt ::=');
INSERT INTO rule(ruleid,lhs,txt)VALUES(141,242,'groupby_opt ::= GROUP BY nexprlist');
INSERT INTO rulerhs(ruleid,pos,sym)VALUES(141,0,144);
INSERT INTO rulerhs(ruleid,pos,sym)VALUES(141,1,34);
INSERT INTO rulerhs(ruleid,pos,sym)VALUES(141,2,248);
INSERT INTO rule(ruleid,lhs,txt)VALUES(142,243,'having_opt ::=');
INSERT INTO rule(ruleid,lhs,txt)VALUES(143,243,'having_opt ::= HAVING expr');
INSERT INTO rulerhs(ruleid,pos,sym)VALUES(143,0,145);
INSERT INTO rulerhs(ruleid,pos,sym)VALUES(143,1,212);
INSERT INTO rule(ruleid,lhs,txt)VALUES(144,245,'limit_opt ::=');
INSERT INTO rule(ruleid,lhs,txt)VALUES(145,245,'limit_opt ::= LIMIT expr');
INSERT INTO rulerhs(ruleid,pos,sym)VALUES(145,0,146);
INSERT INTO rulerhs(ruleid,pos,sym)VALUES(145,1,212);
INSERT INTO rule(ruleid,lhs,txt)VALUES(146,245,'limit_opt ::= LIMIT expr OFFSET expr');
INSERT INTO rulerhs(ruleid,pos,sym)VALUES(146,0,146);
INSERT INTO rulerhs(ruleid,pos,sym)VALUES(146,1,212);
INSERT INTO rulerhs(ruleid,pos,sym)VALUES(146,2,69);
INSERT INTO rulerhs(ruleid,pos,sym)VALUES(146,3,212);
INSERT INTO rule(ruleid,lhs,txt)VALUES(147,245,'limit_opt ::= LIMIT expr COMMA expr');
INSERT INTO rulerhs(ruleid,pos,sym)VALUES(147,0,146);
INSERT INTO rulerhs(ruleid,pos,sym)VALUES(147,1,212);
INSERT INTO rulerhs(ruleid,pos,sym)VALUES(147,2,26);
INSERT INTO rulerhs(ruleid,pos,sym)VALUES(147,3,212);
INSERT INTO rule(ruleid,lhs,txt)VALUES(148,186,'cmd ::= with DELETE FROM xfullname indexed_opt where_opt');
INSERT INTO rulerhs(ruleid,pos,sym)VALUES(148,0,261);
INSERT INTO rulerhs(ruleid,pos,sym)VALUES(148,1,126);
INSERT INTO rulerhs(ruleid,pos,sym)VALUES(148,2,140);
INSERT INTO rulerhs(ruleid,pos,sym)VALUES(148,3,258);
INSERT INTO rulerhs(ruleid,pos,sym)VALUES(148,4,254);
INSERT INTO rulerhs(ruleid,pos,sym)VALUES(148,5,241);
INSERT INTO rule(ruleid,lhs,txt)VALUES(149,241,'where_opt ::=');
INSERT INTO rule(ruleid,lhs,txt)VALUES(150,241,'where_opt ::= WHERE expr');
INSERT INTO rulerhs(ruleid,pos,sym)VALUES(150,0,147);
INSERT INTO rulerhs(ruleid,pos,sym)VALUES(150,1,212);
INSERT INTO rule(ruleid,lhs,txt)VALUES(151,186,'cmd ::= with UPDATE orconf xfullname indexed_opt SET setlist from where_opt');
INSERT INTO rulerhs(ruleid,pos,sym)VALUES(151,0,261);
INSERT INTO rulerhs(ruleid,pos,sym)VALUES(151,1,127);
INSERT INTO rulerhs(ruleid,pos,sym)VALUES(151,2,229);
INSERT INTO rulerhs(ruleid,pos,sym)VALUES(151,3,258);
INSERT INTO rulerhs(ruleid,pos,sym)VALUES(151,4,254);
INSERT INTO rulerhs(ruleid,pos,sym)VALUES(151,5,128);
INSERT INTO rulerhs(ruleid,pos,sym)VALUES(151,6,262);
INSERT INTO rulerhs(ruleid,pos,sym)VALUES(151,7,240);
INSERT INTO rulerhs(ruleid,pos,sym)VALUES(151,8,241);
INSERT INTO rule(ruleid,lhs,txt)VALUES(152,262,'setlist ::= setlist COMMA nm EQ expr');
INSERT INTO rulerhs(ruleid,pos,sym)VALUES(152,0,262);
INSERT INTO rulerhs(ruleid,pos,sym)VALUES(152,1,26);
INSERT INTO rulerhs(ruleid,pos,sym)VALUES(152,2,189);
INSERT INTO rulerhs(ruleid,pos,sym)VALUES(152,3,53);
INSERT INTO rulerhs(ruleid,pos,sym)VALUES(152,4,212);
INSERT INTO rule(ruleid,lhs,txt)VALUES(153,262,'setlist ::= setlist COMMA LP idlist RP EQ expr');
INSERT INTO rulerhs(ruleid,pos,sym)VALUES(153,0,262);
INSERT INTO rulerhs(ruleid,pos,sym)VALUES(153,1,26);
INSERT INTO rulerhs(ruleid,pos,sym)VALUES(153,2,22);
INSERT INTO rulerhs(ruleid,pos,sym)VALUES(153,3,259);
INSERT INTO rulerhs(ruleid,pos,sym)VALUES(153,4,23);
INSERT INTO rulerhs(ruleid,pos,sym)VALUES(153,5,53);
INSERT INTO rulerhs(ruleid,pos,sym)VALUES(153,6,212);
INSERT INTO rule(ruleid,lhs,txt)VALUES(154,262,'setlist ::= nm EQ expr');
INSERT INTO rulerhs(ruleid,pos,sym)VALUES(154,0,189);
INSERT INTO rulerhs(ruleid,pos,sym)VALUES(154,1,53);
INSERT INTO rulerhs(ruleid,pos,sym)VALUES(154,2,212);
INSERT INTO rule(ruleid,lhs,txt)VALUES(155,262,'setlist ::= LP idlist RP EQ expr');
INSERT INTO rulerhs(ruleid,pos,sym)VALUES(155,0,22);
INSERT INTO rulerhs(ruleid,pos,sym)VALUES(155,1,259);
INSERT INTO rulerhs(ruleid,pos,sym)VALUES(155,2,23);
INSERT INTO rulerhs(ruleid,pos,sym)VALUES(155,3,53);
INSERT INTO rulerhs(ruleid,pos,sym)VALUES(155,4,212);
INSERT INTO rule(ruleid,lhs,txt)VALUES(156,186,'cmd ::= with insert_cmd INTO xfullname idlist_opt select upsert');
INSERT INTO rulerhs(ruleid,pos,sym)VALUES(156,0,261);
INSERT INTO rulerhs(ruleid,pos,sym)VALUES(156,1,263);
INSERT INTO rulerhs(ruleid,pos,sym)VALUES(156,2,148);
INSERT INTO rulerhs(ruleid,pos,sym)VALUES(156,3,258);
INSERT INTO rulerhs(ruleid,pos,sym)VALUES(156,4,264);
INSERT INTO rulerhs(ruleid,pos,sym)VALUES(156,5,200);
INSERT INTO rulerhs(ruleid,pos,sym)VALUES(156,6,265);
INSERT INTO rule(ruleid,lhs,txt)VALUES(157,186,'cmd ::= with insert_cmd INTO xfullname idlist_opt DEFAULT VALUES');
INSERT INTO rulerhs(ruleid,pos,sym)VALUES(157,0,261);
INSERT INTO rulerhs(ruleid,pos,sym)VALUES(157,1,263);
INSERT INTO rulerhs(ruleid,pos,sym)VALUES(157,2,148);
INSERT INTO rulerhs(ruleid,pos,sym)VALUES(157,3,258);
INSERT INTO rulerhs(ruleid,pos,sym)VALUES(157,4,264);
INSERT INTO rulerhs(ruleid,pos,sym)VALUES(157,5,118);
INSERT INTO rulerhs(ruleid,pos,sym)VALUES(157,6,137);
INSERT INTO rule(ruleid,lhs,txt)VALUES(158,265,'upsert ::=');
INSERT INTO rule(ruleid,lhs,txt)VALUES(159,265,'upsert ::= ON CONFLICT LP sortlist RP where_opt DO UPDATE SET setlist where_opt upsert');
INSERT INTO rulerhs(ruleid,pos,sym)VALUES(159,0,113);
INSERT INTO rulerhs(ruleid,pos,sym)VALUES(159,1,37);
INSERT INTO rulerhs(ruleid,pos,sym)VALUES(159,2,22);
INSERT INTO rulerhs(ruleid,pos,sym)VALUES(159,3,226);
INSERT INTO rulerhs(ruleid,pos,sym)VALUES(159,4,23);
INSERT INTO rulerhs(ruleid,pos,sym)VALUES(159,5,241);
INSERT INTO rulerhs(ruleid,pos,sym)VALUES(159,6,61);
INSERT INTO rulerhs(ruleid,pos,sym)VALUES(159,7,127);
INSERT INTO rulerhs(ruleid,pos,sym)VALUES(159,8,128);
INSERT INTO rulerhs(ruleid,pos,sym)VALUES(159,9,262);
INSERT INTO rulerhs(ruleid,pos,sym)VALUES(159,10,241);
INSERT INTO rulerhs(ruleid,pos,sym)VALUES(159,11,265);
INSERT INTO rule(ruleid,lhs,txt)VALUES(160,265,'upsert ::= ON CONFLICT LP sortlist RP where_opt DO NOTHING upsert');
INSERT INTO rulerhs(ruleid,pos,sym)VALUES(160,0,113);
INSERT INTO rulerhs(ruleid,pos,sym)VALUES(160,1,37);
INSERT INTO rulerhs(ruleid,pos,sym)VALUES(160,2,22);
INSERT INTO rulerhs(ruleid,pos,sym)VALUES(160,3,226);
INSERT INTO rulerhs(ruleid,pos,sym)VALUES(160,4,23);
INSERT INTO rulerhs(ruleid,pos,sym)VALUES(160,5,241);
INSERT INTO rulerhs(ruleid,pos,sym)VALUES(160,6,61);
INSERT INTO rulerhs(ruleid,pos,sym)VALUES(160,7,149);
INSERT INTO rulerhs(ruleid,pos,sym)VALUES(160,8,265);
INSERT INTO rule(ruleid,lhs,txt)VALUES(161,265,'upsert ::= ON CONFLICT DO NOTHING');
INSERT INTO rulerhs(ruleid,pos,sym)VALUES(161,0,113);
INSERT INTO rulerhs(ruleid,pos,sym)VALUES(161,1,37);
INSERT INTO rulerhs(ruleid,pos,sym)VALUES(161,2,61);
INSERT INTO rulerhs(ruleid,pos,sym)VALUES(161,3,149);
INSERT INTO rule(ruleid,lhs,txt)VALUES(162,265,'upsert ::= ON CONFLICT DO UPDATE SET setlist where_opt');
INSERT INTO rulerhs(ruleid,pos,sym)VALUES(162,0,113);
INSERT INTO rulerhs(ruleid,pos,sym)VALUES(162,1,37);
INSERT INTO rulerhs(ruleid,pos,sym)VALUES(162,2,61);
INSERT INTO rulerhs(ruleid,pos,sym)VALUES(162,3,127);
INSERT INTO rulerhs(ruleid,pos,sym)VALUES(162,4,128);
INSERT INTO rulerhs(ruleid,pos,sym)VALUES(162,5,262);
INSERT INTO rulerhs(ruleid,pos,sym)VALUES(162,6,241);
INSERT INTO rule(ruleid,lhs,txt)VALUES(163,263,'insert_cmd ::= INSERT orconf');
INSERT INTO rulerhs(ruleid,pos,sym)VALUES(163,0,125);
INSERT INTO rulerhs(ruleid,pos,sym)VALUES(163,1,229);
INSERT INTO rule(ruleid,lhs,txt)VALUES(164,263,'insert_cmd ::= REPLACE');
INSERT INTO rulerhs(ruleid,pos,sym)VALUES(164,0,73);
INSERT INTO rule(ruleid,lhs,txt)VALUES(165,264,'idlist_opt ::=');
INSERT INTO rule(ruleid,lhs,txt)VALUES(166,264,'idlist_opt ::= LP idlist RP');
INSERT INTO rulerhs(ruleid,pos,sym)VALUES(166,0,22);
INSERT INTO rulerhs(ruleid,pos,sym)VALUES(166,1,259);
INSERT INTO rulerhs(ruleid,pos,sym)VALUES(166,2,23);
INSERT INTO rule(ruleid,lhs,txt)VALUES(167,259,'idlist ::= idlist COMMA nm');
INSERT INTO rulerhs(ruleid,pos,sym)VALUES(167,0,259);
INSERT INTO rulerhs(ruleid,pos,sym)VALUES(167,1,26);
INSERT INTO rulerhs(ruleid,pos,sym)VALUES(167,2,189);
INSERT INTO rule(ruleid,lhs,txt)VALUES(168,259,'idlist ::= nm');
INSERT INTO rulerhs(ruleid,pos,sym)VALUES(168,0,189);
INSERT INTO rule(ruleid,lhs,txt)VALUES(169,212,'expr ::= LP expr RP');
INSERT INTO rulerhs(ruleid,pos,sym)VALUES(169,0,22);
INSERT INTO rulerhs(ruleid,pos,sym)VALUES(169,1,212);
INSERT INTO rulerhs(ruleid,pos,sym)VALUES(169,2,23);
INSERT INTO rule(ruleid,lhs,txt)VALUES(170,212,'expr ::= ID|INDEXED');
INSERT INTO rulerhs(ruleid,pos,sym)VALUES(170,0,59);
INSERT INTO rulerhs(ruleid,pos,sym)VALUES(170,0,114);
INSERT INTO rule(ruleid,lhs,txt)VALUES(171,212,'expr ::= JOIN_KW');
INSERT INTO rulerhs(ruleid,pos,sym)VALUES(171,0,116);
INSERT INTO rule(ruleid,lhs,txt)VALUES(172,212,'expr ::= nm DOT nm');
INSERT INTO rulerhs(ruleid,pos,sym)VALUES(172,0,189);
INSERT INTO rulerhs(ruleid,pos,sym)VALUES(172,1,139);
INSERT INTO rulerhs(ruleid,pos,sym)VALUES(172,2,189);
INSERT INTO rule(ruleid,lhs,txt)VALUES(173,212,'expr ::= nm DOT nm DOT nm');
INSERT INTO rulerhs(ruleid,pos,sym)VALUES(173,0,189);
INSERT INTO rulerhs(ruleid,pos,sym)VALUES(173,1,139);
INSERT INTO rulerhs(ruleid,pos,sym)VALUES(173,2,189);
INSERT INTO rulerhs(ruleid,pos,sym)VALUES(173,3,139);
INSERT INTO rulerhs(ruleid,pos,sym)VALUES(173,4,189);
INSERT INTO rule(ruleid,lhs,txt)VALUES(174,211,'term ::= NULL|FLOAT|BLOB');
INSERT INTO rulerhs(ruleid,pos,sym)VALUES(174,0,119);
INSERT INTO rulerhs(ruleid,pos,sym)VALUES(174,0,150);
INSERT INTO rulerhs(ruleid,pos,sym)VALUES(174,0,151);
INSERT INTO rule(ruleid,lhs,txt)VALUES(175,211,'term ::= STRING');
INSERT INTO rulerhs(ruleid,pos,sym)VALUES(175,0,115);
INSERT INTO rule(ruleid,lhs,txt)VALUES(176,211,'term ::= INTEGER');
INSERT INTO rulerhs(ruleid,pos,sym)VALUES(176,0,152);
INSERT INTO rule(ruleid,lhs,txt)VALUES(177,212,'expr ::= VARIABLE');
INSERT INTO rulerhs(ruleid,pos,sym)VALUES(177,0,153);
INSERT INTO rule(ruleid,lhs,txt)VALUES(178,212,'expr ::= expr COLLATE ID|STRING');
INSERT INTO rulerhs(ruleid,pos,sym)VALUES(178,0,212);
INSERT INTO rulerhs(ruleid,pos,sym)VALUES(178,1,111);
INSERT INTO rulerhs(ruleid,pos,sym)VALUES(178,2,59);
INSERT INTO rulerhs(ruleid,pos,sym)VALUES(178,2,115);
INSERT INTO rule(ruleid,lhs,txt)VALUES(179,212,'expr ::= CAST LP expr AS typetoken RP');
INSERT INTO rulerhs(ruleid,pos,sym)VALUES(179,0,36);
INSERT INTO rulerhs(ruleid,pos,sym)VALUES(179,1,22);
INSERT INTO rulerhs(ruleid,pos,sym)VALUES(179,2,212);
INSERT INTO rulerhs(ruleid,pos,sym)VALUES(179,3,24);
INSERT INTO rulerhs(ruleid,pos,sym)VALUES(179,4,203);
INSERT INTO rulerhs(ruleid,pos,sym)VALUES(179,5,23);
INSERT INTO rule(ruleid,lhs,txt)VALUES(180,212,'expr ::= ID|INDEXED LP distinct exprlist RP');
INSERT INTO rulerhs(ruleid,pos,sym)VALUES(180,0,59);
INSERT INTO rulerhs(ruleid,pos,sym)VALUES(180,0,114);
INSERT INTO rulerhs(ruleid,pos,sym)VALUES(180,1,22);
INSERT INTO rulerhs(ruleid,pos,sym)VALUES(180,2,238);
INSERT INTO rulerhs(ruleid,pos,sym)VALUES(180,3,257);
INSERT INTO rulerhs(ruleid,pos,sym)VALUES(180,4,23);
INSERT INTO rule(ruleid,lhs,txt)VALUES(181,212,'expr ::= ID|INDEXED LP STAR RP');
INSERT INTO rulerhs(ruleid,pos,sym)VALUES(181,0,59);
INSERT INTO rulerhs(ruleid,pos,sym)VALUES(181,0,114);
INSERT INTO rulerhs(ruleid,pos,sym)VALUES(181,1,22);
INSERT INTO rulerhs(ruleid,pos,sym)VALUES(181,2,107);
INSERT INTO rulerhs(ruleid,pos,sym)VALUES(181,3,23);
INSERT INTO rule(ruleid,lhs,txt)VALUES(182,212,'expr ::= ID|INDEXED LP distinct exprlist RP filter_over');
INSERT INTO rulerhs(ruleid,pos,sym)VALUES(182,0,59);
INSERT INTO rulerhs(ruleid,pos,sym)VALUES(182,0,114);
INSERT INTO rulerhs(ruleid,pos,sym)VALUES(182,1,22);
INSERT INTO rulerhs(ruleid,pos,sym)VALUES(182,2,238);
INSERT INTO rulerhs(ruleid,pos,sym)VALUES(182,3,257);
INSERT INTO rulerhs(ruleid,pos,sym)VALUES(182,4,23);
INSERT INTO rulerhs(ruleid,pos,sym)VALUES(182,5,266);
INSERT INTO rule(ruleid,lhs,txt)VALUES(183,212,'expr ::= ID|INDEXED LP STAR RP filter_over');
INSERT INTO rulerhs(ruleid,pos,sym)VALUES(183,0,59);
INSERT INTO rulerhs(ruleid,pos,sym)VALUES(183,0,114);
INSERT INTO rulerhs(ruleid,pos,sym)VALUES(183,1,22);
INSERT INTO rulerhs(ruleid,pos,sym)VALUES(183,2,107);
INSERT INTO rulerhs(ruleid,pos,sym)VALUES(183,3,23);
INSERT INTO rulerhs(ruleid,pos,sym)VALUES(183,4,266);
INSERT INTO rule(ruleid,lhs,txt)VALUES(184,211,'term ::= CTIME_KW');
INSERT INTO rulerhs(ruleid,pos,sym)VALUES(184,0,99);
INSERT INTO rule(ruleid,lhs,txt)VALUES(185,212,'expr ::= LP nexprlist COMMA expr RP');
INSERT INTO rulerhs(ruleid,pos,sym)VALUES(185,0,22);
INSERT INTO rulerhs(ruleid,pos,sym)VALUES(185,1,248);
INSERT INTO rulerhs(ruleid,pos,sym)VALUES(185,2,26);
INSERT INTO rulerhs(ruleid,pos,sym)VALUES(185,3,212);
INSERT INTO rulerhs(ruleid,pos,sym)VALUES(185,4,23);
INSERT INTO rule(ruleid,lhs,txt)VALUES(186,212,'expr ::= expr AND expr');
INSERT INTO rulerhs(ruleid,pos,sym)VALUES(186,0,212);
INSERT INTO rulerhs(ruleid,pos,sym)VALUES(186,1,44);
INSERT INTO rulerhs(ruleid,pos,sym)VALUES(186,2,212);
INSERT INTO rule(ruleid,lhs,txt)VALUES(187,212,'expr ::= expr OR expr');
INSERT INTO rulerhs(ruleid,pos,sym)VALUES(187,0,212);
INSERT INTO rulerhs(ruleid,pos,sym)VALUES(187,1,43);
INSERT INTO rulerhs(ruleid,pos,sym)VALUES(187,2,212);
INSERT INTO rule(ruleid,lhs,txt)VALUES(188,212,'expr ::= expr LT|GT|GE|LE expr');
INSERT INTO rulerhs(ruleid,pos,sym)VALUES(188,0,212);
INSERT INTO rulerhs(ruleid,pos,sym)VALUES(188,1,56);
INSERT INTO rulerhs(ruleid,pos,sym)VALUES(188,1,54);
INSERT INTO rulerhs(ruleid,pos,sym)VALUES(188,1,57);
INSERT INTO rulerhs(ruleid,pos,sym)VALUES(188,1,55);
INSERT INTO rulerhs(ruleid,pos,sym)VALUES(188,2,212);
INSERT INTO rule(ruleid,lhs,txt)VALUES(189,212,'expr ::= expr EQ|NE expr');
INSERT INTO rulerhs(ruleid,pos,sym)VALUES(189,0,212);
INSERT INTO rulerhs(ruleid,pos,sym)VALUES(189,1,53);
INSERT INTO rulerhs(ruleid,pos,sym)VALUES(189,1,52);
INSERT INTO rulerhs(ruleid,pos,sym)VALUES(189,2,212);
INSERT INTO rule(ruleid,lhs,txt)VALUES(190,212,'expr ::= expr BITAND|BITOR|LSHIFT|RSHIFT expr');
INSERT INTO rulerhs(ruleid,pos,sym)VALUES(190,0,212);
INSERT INTO rulerhs(ruleid,pos,sym)VALUES(190,1,101);
INSERT INTO rulerhs(ruleid,pos,sym)VALUES(190,1,102);
INSERT INTO rulerhs(ruleid,pos,sym)VALUES(190,1,103);
INSERT INTO rulerhs(ruleid,pos,sym)VALUES(190,1,104);
INSERT INTO rulerhs(ruleid,pos,sym)VALUES(190,2,212);
INSERT INTO rule(ruleid,lhs,txt)VALUES(191,212,'expr ::= expr PLUS|MINUS expr');
INSERT INTO rulerhs(ruleid,pos,sym)VALUES(191,0,212);
INSERT INTO rulerhs(ruleid,pos,sym)VALUES(191,1,105);
INSERT INTO rulerhs(ruleid,pos,sym)VALUES(191,1,106);
INSERT INTO rulerhs(ruleid,pos,sym)VALUES(191,2,212);
INSERT INTO rule(ruleid,lhs,txt)VALUES(192,212,'expr ::= expr STAR|SLASH|REM expr');
INSERT INTO rulerhs(ruleid,pos,sym)VALUES(192,0,212);
INSERT INTO rulerhs(ruleid,pos,sym)VALUES(192,1,107);
INSERT INTO rulerhs(ruleid,pos,sym)VALUES(192,1,108);
INSERT INTO rulerhs(ruleid,pos,sym)VALUES(192,1,109);
INSERT INTO rulerhs(ruleid,pos,sym)VALUES(192,2,212);
INSERT INTO rule(ruleid,lhs,txt)VALUES(193,212,'expr ::= expr CONCAT expr');
INSERT INTO rulerhs(ruleid,pos,sym)VALUES(193,0,212);
INSERT INTO rulerhs(ruleid,pos,sym)VALUES(193,1,110);
INSERT INTO rulerhs(ruleid,pos,sym)VALUES(193,2,212);
INSERT INTO rule(ruleid,lhs,txt)VALUES(194,267,'likeop ::= NOT LIKE_KW|MATCH');
INSERT INTO rulerhs(ruleid,pos,sym)VALUES(194,0,19);
INSERT INTO rulerhs(ruleid,pos,sym)VALUES(194,1,47);
INSERT INTO rulerhs(ruleid,pos,sym)VALUES(194,1,46);
INSERT INTO rule(ruleid,lhs,txt)VALUES(195,212,'expr ::= expr likeop expr');
INSERT INTO rulerhs(ruleid,pos,sym)VALUES(195,0,212);
INSERT INTO rulerhs(ruleid,pos,sym)VALUES(195,1,267);
INSERT INTO rulerhs(ruleid,pos,sym)VALUES(195,2,212);
INSERT INTO rule(ruleid,lhs,txt)VALUES(196,212,'expr ::= expr likeop expr ESCAPE expr');
INSERT INTO rulerhs(ruleid,pos,sym)VALUES(196,0,212);
INSERT INTO rulerhs(ruleid,pos,sym)VALUES(196,1,267);
INSERT INTO rulerhs(ruleid,pos,sym)VALUES(196,2,212);
INSERT INTO rulerhs(ruleid,pos,sym)VALUES(196,3,58);
INSERT INTO rulerhs(ruleid,pos,sym)VALUES(196,4,212);
INSERT INTO rule(ruleid,lhs,txt)VALUES(197,212,'expr ::= expr ISNULL|NOTNULL');
INSERT INTO rulerhs(ruleid,pos,sym)VALUES(197,0,212);
INSERT INTO rulerhs(ruleid,pos,sym)VALUES(197,1,50);
INSERT INTO rulerhs(ruleid,pos,sym)VALUES(197,1,51);
INSERT INTO rule(ruleid,lhs,txt)VALUES(198,212,'expr ::= expr NOT NULL');
INSERT INTO rulerhs(ruleid,pos,sym)VALUES(198,0,212);
INSERT INTO rulerhs(ruleid,pos,sym)VALUES(198,1,19);
INSERT INTO rulerhs(ruleid,pos,sym)VALUES(198,2,119);
INSERT INTO rule(ruleid,lhs,txt)VALUES(199,212,'expr ::= expr IS expr');
INSERT INTO rulerhs(ruleid,pos,sym)VALUES(199,0,212);
INSERT INTO rulerhs(ruleid,pos,sym)VALUES(199,1,45);
INSERT INTO rulerhs(ruleid,pos,sym)VALUES(199,2,212);
INSERT INTO rule(ruleid,lhs,txt)VALUES(200,212,'expr ::= expr IS NOT expr');
INSERT INTO rulerhs(ruleid,pos,sym)VALUES(200,0,212);
INSERT INTO rulerhs(ruleid,pos,sym)VALUES(200,1,45);
INSERT INTO rulerhs(ruleid,pos,sym)VALUES(200,2,19);
INSERT INTO rulerhs(ruleid,pos,sym)VALUES(200,3,212);
INSERT INTO rule(ruleid,lhs,txt)VALUES(201,212,'expr ::= NOT expr');
INSERT INTO rulerhs(ruleid,pos,sym)VALUES(201,0,19);
INSERT INTO rulerhs(ruleid,pos,sym)VALUES(201,1,212);
INSERT INTO rule(ruleid,lhs,txt)VALUES(202,212,'expr ::= BITNOT expr');
INSERT INTO rulerhs(ruleid,pos,sym)VALUES(202,0,112);
INSERT INTO rulerhs(ruleid,pos,sym)VALUES(202,1,212);
INSERT INTO rule(ruleid,lhs,txt)VALUES(203,212,'expr ::= PLUS|MINUS expr');
INSERT INTO rulerhs(ruleid,pos,sym)VALUES(203,0,105);
INSERT INTO rulerhs(ruleid,pos,sym)VALUES(203,0,106);
INSERT INTO rulerhs(ruleid,pos,sym)VALUES(203,1,212);
INSERT INTO rule(ruleid,lhs,txt)VALUES(204,268,'between_op ::= BETWEEN');
INSERT INTO rulerhs(ruleid,pos,sym)VALUES(204,0,48);
INSERT INTO rule(ruleid,lhs,txt)VALUES(205,268,'between_op ::= NOT BETWEEN');
INSERT INTO rulerhs(ruleid,pos,sym)VALUES(205,0,19);
INSERT INTO rulerhs(ruleid,pos,sym)VALUES(205,1,48);
INSERT INTO rule(ruleid,lhs,txt)VALUES(206,212,'expr ::= expr between_op expr AND expr');
INSERT INTO rulerhs(ruleid,pos,sym)VALUES(206,0,212);
INSERT INTO rulerhs(ruleid,pos,sym)VALUES(206,1,268);
INSERT INTO rulerhs(ruleid,pos,sym)VALUES(206,2,212);
INSERT INTO rulerhs(ruleid,pos,sym)VALUES(206,3,44);
INSERT INTO rulerhs(ruleid,pos,sym)VALUES(206,4,212);
INSERT INTO rule(ruleid,lhs,txt)VALUES(207,269,'in_op ::= IN');
INSERT INTO rulerhs(ruleid,pos,sym)VALUES(207,0,49);
INSERT INTO rule(ruleid,lhs,txt)VALUES(208,269,'in_op ::= NOT IN');
INSERT INTO rulerhs(ruleid,pos,sym)VALUES(208,0,19);
INSERT INTO rulerhs(ruleid,pos,sym)VALUES(208,1,49);
INSERT INTO rule(ruleid,lhs,txt)VALUES(209,212,'expr ::= expr in_op LP exprlist RP');
INSERT INTO rulerhs(ruleid,pos,sym)VALUES(209,0,212);
INSERT INTO rulerhs(ruleid,pos,sym)VALUES(209,1,269);
INSERT INTO rulerhs(ruleid,pos,sym)VALUES(209,2,22);
INSERT INTO rulerhs(ruleid,pos,sym)VALUES(209,3,257);
INSERT INTO rulerhs(ruleid,pos,sym)VALUES(209,4,23);
INSERT INTO rule(ruleid,lhs,txt)VALUES(210,212,'expr ::= LP select RP');
INSERT INTO rulerhs(ruleid,pos,sym)VALUES(210,0,22);
INSERT INTO rulerhs(ruleid,pos,sym)VALUES(210,1,200);
INSERT INTO rulerhs(ruleid,pos,sym)VALUES(210,2,23);
INSERT INTO rule(ruleid,lhs,txt)VALUES(211,212,'expr ::= expr in_op LP select RP');
INSERT INTO rulerhs(ruleid,pos,sym)VALUES(211,0,212);
INSERT INTO rulerhs(ruleid,pos,sym)VALUES(211,1,269);
INSERT INTO rulerhs(ruleid,pos,sym)VALUES(211,2,22);
INSERT INTO rulerhs(ruleid,pos,sym)VALUES(211,3,200);
INSERT INTO rulerhs(ruleid,pos,sym)VALUES(211,4,23);
INSERT INTO rule(ruleid,lhs,txt)VALUES(212,212,'expr ::= expr in_op nm dbnm paren_exprlist');
INSERT INTO rulerhs(ruleid,pos,sym)VALUES(212,0,212);
INSERT INTO rulerhs(ruleid,pos,sym)VALUES(212,1,269);
INSERT INTO rulerhs(ruleid,pos,sym)VALUES(212,2,189);
INSERT INTO rulerhs(ruleid,pos,sym)VALUES(212,3,196);
INSERT INTO rulerhs(ruleid,pos,sym)VALUES(212,4,270);
INSERT INTO rule(ruleid,lhs,txt)VALUES(213,212,'expr ::= EXISTS LP select RP');
INSERT INTO rulerhs(ruleid,pos,sym)VALUES(213,0,20);
INSERT INTO rulerhs(ruleid,pos,sym)VALUES(213,1,22);
INSERT INTO rulerhs(ruleid,pos,sym)VALUES(213,2,200);
INSERT INTO rulerhs(ruleid,pos,sym)VALUES(213,3,23);
INSERT INTO rule(ruleid,lhs,txt)VALUES(214,212,'expr ::= CASE case_operand case_exprlist case_else END');
INSERT INTO rulerhs(ruleid,pos,sym)VALUES(214,0,154);
INSERT INTO rulerhs(ruleid,pos,sym)VALUES(214,1,271);
INSERT INTO rulerhs(ruleid,pos,sym)VALUES(214,2,272);
INSERT INTO rulerhs(ruleid,pos,sym)VALUES(214,3,273);
INSERT INTO rulerhs(ruleid,pos,sym)VALUES(214,4,11);
INSERT INTO rule(ruleid,lhs,txt)VALUES(215,272,'case_exprlist ::= case_exprlist WHEN expr THEN expr');
INSERT INTO rulerhs(ruleid,pos,sym)VALUES(215,0,272);
INSERT INTO rulerhs(ruleid,pos,sym)VALUES(215,1,155);
INSERT INTO rulerhs(ruleid,pos,sym)VALUES(215,2,212);
INSERT INTO rulerhs(ruleid,pos,sym)VALUES(215,3,156);
INSERT INTO rulerhs(ruleid,pos,sym)VALUES(215,4,212);
INSERT INTO rule(ruleid,lhs,txt)VALUES(216,272,'case_exprlist ::= WHEN expr THEN expr');
INSERT INTO rulerhs(ruleid,pos,sym)VALUES(216,0,155);
INSERT INTO rulerhs(ruleid,pos,sym)VALUES(216,1,212);
INSERT INTO rulerhs(ruleid,pos,sym)VALUES(216,2,156);
INSERT INTO rulerhs(ruleid,pos,sym)VALUES(216,3,212);
INSERT INTO rule(ruleid,lhs,txt)VALUES(217,273,'case_else ::= ELSE expr');
INSERT INTO rulerhs(ruleid,pos,sym)VALUES(217,0,157);
INSERT INTO rulerhs(ruleid,pos,sym)VALUES(217,1,212);
INSERT INTO rule(ruleid,lhs,txt)VALUES(218,273,'case_else ::=');
INSERT INTO rule(ruleid,lhs,txt)VALUES(219,271,'case_operand ::= expr');
INSERT INTO rulerhs(ruleid,pos,sym)VALUES(219,0,212);
INSERT INTO rule(ruleid,lhs,txt)VALUES(220,271,'case_operand ::=');
INSERT INTO rule(ruleid,lhs,txt)VALUES(221,257,'exprlist ::=');
INSERT INTO rule(ruleid,lhs,txt)VALUES(222,248,'nexprlist ::= nexprlist COMMA expr');
INSERT INTO rulerhs(ruleid,pos,sym)VALUES(222,0,248);
INSERT INTO rulerhs(ruleid,pos,sym)VALUES(222,1,26);
INSERT INTO rulerhs(ruleid,pos,sym)VALUES(222,2,212);
INSERT INTO rule(ruleid,lhs,txt)VALUES(223,248,'nexprlist ::= expr');
INSERT INTO rulerhs(ruleid,pos,sym)VALUES(223,0,212);
INSERT INTO rule(ruleid,lhs,txt)VALUES(224,270,'paren_exprlist ::=');
INSERT INTO rule(ruleid,lhs,txt)VALUES(225,270,'paren_exprlist ::= LP exprlist RP');
INSERT INTO rulerhs(ruleid,pos,sym)VALUES(225,0,22);
INSERT INTO rulerhs(ruleid,pos,sym)VALUES(225,1,257);
INSERT INTO rulerhs(ruleid,pos,sym)VALUES(225,2,23);
INSERT INTO rule(ruleid,lhs,txt)VALUES(226,186,'cmd ::= createkw uniqueflag INDEX ifnotexists nm dbnm ON nm LP sortlist RP where_opt');
INSERT INTO rulerhs(ruleid,pos,sym)VALUES(226,0,193);
INSERT INTO rulerhs(ruleid,pos,sym)VALUES(226,1,274);
INSERT INTO rulerhs(ruleid,pos,sym)VALUES(226,2,158);
INSERT INTO rulerhs(ruleid,pos,sym)VALUES(226,3,195);
INSERT INTO rulerhs(ruleid,pos,sym)VALUES(226,4,189);
INSERT INTO rulerhs(ruleid,pos,sym)VALUES(226,5,196);
INSERT INTO rulerhs(ruleid,pos,sym)VALUES(226,6,113);
INSERT INTO rulerhs(ruleid,pos,sym)VALUES(226,7,189);
INSERT INTO rulerhs(ruleid,pos,sym)VALUES(226,8,22);
INSERT INTO rulerhs(ruleid,pos,sym)VALUES(226,9,226);
INSERT INTO rulerhs(ruleid,pos,sym)VALUES(226,10,23);
INSERT INTO rulerhs(ruleid,pos,sym)VALUES(226,11,241);
INSERT INTO rule(ruleid,lhs,txt)VALUES(227,274,'uniqueflag ::= UNIQUE');
INSERT INTO rulerhs(ruleid,pos,sym)VALUES(227,0,121);
INSERT INTO rule(ruleid,lhs,txt)VALUES(228,274,'uniqueflag ::=');
INSERT INTO rule(ruleid,lhs,txt)VALUES(229,216,'eidlist_opt ::=');
INSERT INTO rule(ruleid,lhs,txt)VALUES(230,216,'eidlist_opt ::= LP eidlist RP');
INSERT INTO rulerhs(ruleid,pos,sym)VALUES(230,0,22);
INSERT INTO rulerhs(ruleid,pos,sym)VALUES(230,1,227);
INSERT INTO rulerhs(ruleid,pos,sym)VALUES(230,2,23);
INSERT INTO rule(ruleid,lhs,txt)VALUES(231,227,'eidlist ::= eidlist COMMA nm collate sortorder');
INSERT INTO rulerhs(ruleid,pos,sym)VALUES(231,0,227);
INSERT INTO rulerhs(ruleid,pos,sym)VALUES(231,1,26);
INSERT INTO rulerhs(ruleid,pos,sym)VALUES(231,2,189);
INSERT INTO rulerhs(ruleid,pos,sym)VALUES(231,3,275);
INSERT INTO rulerhs(ruleid,pos,sym)VALUES(231,4,214);
INSERT INTO rule(ruleid,lhs,txt)VALUES(232,227,'eidlist ::= nm collate sortorder');
INSERT INTO rulerhs(ruleid,pos,sym)VALUES(232,0,189);
INSERT INTO rulerhs(ruleid,pos,sym)VALUES(232,1,275);
INSERT INTO rulerhs(ruleid,pos,sym)VALUES(232,2,214);
INSERT INTO rule(ruleid,lhs,txt)VALUES(233,275,'collate ::=');
INSERT INTO rule(ruleid,lhs,txt)VALUES(234,275,'collate ::= COLLATE ID|STRING');
INSERT INTO rulerhs(ruleid,pos,sym)VALUES(234,0,111);
INSERT INTO rulerhs(ruleid,pos,sym)VALUES(234,1,59);
INSERT INTO rulerhs(ruleid,pos,sym)VALUES(234,1,115);
INSERT INTO rule(ruleid,lhs,txt)VALUES(235,186,'cmd ::= DROP INDEX ifexists fullname');
INSERT INTO rulerhs(ruleid,pos,sym)VALUES(235,0,131);
INSERT INTO rulerhs(ruleid,pos,sym)VALUES(235,1,158);
INSERT INTO rulerhs(ruleid,pos,sym)VALUES(235,2,232);
INSERT INTO rulerhs(ruleid,pos,sym)VALUES(235,3,233);
INSERT INTO rule(ruleid,lhs,txt)VALUES(236,186,'cmd ::= VACUUM vinto');
INSERT INTO rulerhs(ruleid,pos,sym)VALUES(236,0,78);
INSERT INTO rulerhs(ruleid,pos,sym)VALUES(236,1,276);
INSERT INTO rule(ruleid,lhs,txt)VALUES(237,186,'cmd ::= VACUUM nm vinto');
INSERT INTO rulerhs(ruleid,pos,sym)VALUES(237,0,78);
INSERT INTO rulerhs(ruleid,pos,sym)VALUES(237,1,189);
INSERT INTO rulerhs(ruleid,pos,sym)VALUES(237,2,276);
INSERT INTO rule(ruleid,lhs,txt)VALUES(238,276,'vinto ::= INTO expr');
INSERT INTO rulerhs(ruleid,pos,sym)VALUES(238,0,148);
INSERT INTO rulerhs(ruleid,pos,sym)VALUES(238,1,212);
INSERT INTO rule(ruleid,lhs,txt)VALUES(239,276,'vinto ::=');
INSERT INTO rule(ruleid,lhs,txt)VALUES(240,186,'cmd ::= PRAGMA nm dbnm');
INSERT INTO rulerhs(ruleid,pos,sym)VALUES(240,0,70);
INSERT INTO rulerhs(ruleid,pos,sym)VALUES(240,1,189);
INSERT INTO rulerhs(ruleid,pos,sym)VALUES(240,2,196);
INSERT INTO rule(ruleid,lhs,txt)VALUES(241,186,'cmd ::= PRAGMA nm dbnm EQ nmnum');
INSERT INTO rulerhs(ruleid,pos,sym)VALUES(241,0,70);
INSERT INTO rulerhs(ruleid,pos,sym)VALUES(241,1,189);
INSERT INTO rulerhs(ruleid,pos,sym)VALUES(241,2,196);
INSERT INTO rulerhs(ruleid,pos,sym)VALUES(241,3,53);
INSERT INTO rulerhs(ruleid,pos,sym)VALUES(241,4,277);
INSERT INTO rule(ruleid,lhs,txt)VALUES(242,186,'cmd ::= PRAGMA nm dbnm LP nmnum RP');
INSERT INTO rulerhs(ruleid,pos,sym)VALUES(242,0,70);
INSERT INTO rulerhs(ruleid,pos,sym)VALUES(242,1,189);
INSERT INTO rulerhs(ruleid,pos,sym)VALUES(242,2,196);
INSERT INTO rulerhs(ruleid,pos,sym)VALUES(242,3,22);
INSERT INTO rulerhs(ruleid,pos,sym)VALUES(242,4,277);
INSERT INTO rulerhs(ruleid,pos,sym)VALUES(242,5,23);
INSERT INTO rule(ruleid,lhs,txt)VALUES(243,186,'cmd ::= PRAGMA nm dbnm EQ minus_num');
INSERT INTO rulerhs(ruleid,pos,sym)VALUES(243,0,70);
INSERT INTO rulerhs(ruleid,pos,sym)VALUES(243,1,189);
INSERT INTO rulerhs(ruleid,pos,sym)VALUES(243,2,196);
INSERT INTO rulerhs(ruleid,pos,sym)VALUES(243,3,53);
INSERT INTO rulerhs(ruleid,pos,sym)VALUES(243,4,207);
INSERT INTO rule(ruleid,lhs,txt)VALUES(244,186,'cmd ::= PRAGMA nm dbnm LP minus_num RP');
INSERT INTO rulerhs(ruleid,pos,sym)VALUES(244,0,70);
INSERT INTO rulerhs(ruleid,pos,sym)VALUES(244,1,189);
INSERT INTO rulerhs(ruleid,pos,sym)VALUES(244,2,196);
INSERT INTO rulerhs(ruleid,pos,sym)VALUES(244,3,22);
INSERT INTO rulerhs(ruleid,pos,sym)VALUES(244,4,207);
INSERT INTO rulerhs(ruleid,pos,sym)VALUES(244,5,23);
INSERT INTO rule(ruleid,lhs,txt)VALUES(245,206,'plus_num ::= PLUS INTEGER|FLOAT');
INSERT INTO rulerhs(ruleid,pos,sym)VALUES(245,0,105);
INSERT INTO rulerhs(ruleid,pos,sym)VALUES(245,1,152);
INSERT INTO rulerhs(ruleid,pos,sym)VALUES(245,1,150);
INSERT INTO rule(ruleid,lhs,txt)VALUES(246,207,'minus_num ::= MINUS INTEGER|FLOAT');
INSERT INTO rulerhs(ruleid,pos,sym)VALUES(246,0,106);
INSERT INTO rulerhs(ruleid,pos,sym)VALUES(246,1,152);
INSERT INTO rulerhs(ruleid,pos,sym)VALUES(246,1,150);
INSERT INTO rule(ruleid,lhs,txt)VALUES(247,186,'cmd ::= createkw trigger_decl BEGIN trigger_cmd_list END');
INSERT INTO rulerhs(ruleid,pos,sym)VALUES(247,0,193);
INSERT INTO rulerhs(ruleid,pos,sym)VALUES(247,1,278);
INSERT INTO rulerhs(ruleid,pos,sym)VALUES(247,2,5);
INSERT INTO rulerhs(ruleid,pos,sym)VALUES(247,3,279);
INSERT INTO rulerhs(ruleid,pos,sym)VALUES(247,4,11);
INSERT INTO rule(ruleid,lhs,txt)VALUES(248,278,'trigger_decl ::= temp TRIGGER ifnotexists nm dbnm trigger_time trigger_event ON fullname foreach_clause when_clause');
INSERT INTO rulerhs(ruleid,pos,sym)VALUES(248,0,194);
INSERT INTO rulerhs(ruleid,pos,sym)VALUES(248,1,77);
INSERT INTO rulerhs(ruleid,pos,sym)VALUES(248,2,195);
INSERT INTO rulerhs(ruleid,pos,sym)VALUES(248,3,189);
INSERT INTO rulerhs(ruleid,pos,sym)VALUES(248,4,196);
INSERT INTO rulerhs(ruleid,pos,sym)VALUES(248,5,280);
INSERT INTO rulerhs(ruleid,pos,sym)VALUES(248,6,281);
INSERT INTO rulerhs(ruleid,pos,sym)VALUES(248,7,113);
INSERT INTO rulerhs(ruleid,pos,sym)VALUES(248,8,233);
INSERT INTO rulerhs(ruleid,pos,sym)VALUES(248,9,282);
INSERT INTO rulerhs(ruleid,pos,sym)VALUES(248,10,283);
INSERT INTO rule(ruleid,lhs,txt)VALUES(249,280,'trigger_time ::= BEFORE|AFTER');
INSERT INTO rulerhs(ruleid,pos,sym)VALUES(249,0,33);
INSERT INTO rulerhs(ruleid,pos,sym)VALUES(249,0,29);
INSERT INTO rule(ruleid,lhs,txt)VALUES(250,280,'trigger_time ::= INSTEAD OF');
INSERT INTO rulerhs(ruleid,pos,sym)VALUES(250,0,65);
INSERT INTO rulerhs(ruleid,pos,sym)VALUES(250,1,68);
INSERT INTO rule(ruleid,lhs,txt)VALUES(251,280,'trigger_time ::=');
INSERT INTO rule(ruleid,lhs,txt)VALUES(252,281,'trigger_event ::= DELETE|INSERT');
INSERT INTO rulerhs(ruleid,pos,sym)VALUES(252,0,126);
INSERT INTO rulerhs(ruleid,pos,sym)VALUES(252,0,125);
INSERT INTO rule(ruleid,lhs,txt)VALUES(253,281,'trigger_event ::= UPDATE');
INSERT INTO rulerhs(ruleid,pos,sym)VALUES(253,0,127);
INSERT INTO rule(ruleid,lhs,txt)VALUES(254,281,'trigger_event ::= UPDATE OF idlist');
INSERT INTO rulerhs(ruleid,pos,sym)VALUES(254,0,127);
INSERT INTO rulerhs(ruleid,pos,sym)VALUES(254,1,68);
INSERT INTO rulerhs(ruleid,pos,sym)VALUES(254,2,259);
INSERT INTO rule(ruleid,lhs,txt)VALUES(255,283,'when_clause ::=');
INSERT INTO rule(ruleid,lhs,txt)VALUES(256,283,'when_clause ::= WHEN expr');
INSERT INTO rulerhs(ruleid,pos,sym)VALUES(256,0,155);
INSERT INTO rulerhs(ruleid,pos,sym)VALUES(256,1,212);
INSERT INTO rule(ruleid,lhs,txt)VALUES(257,279,'trigger_cmd_list ::= trigger_cmd_list trigger_cmd SEMI');
INSERT INTO rulerhs(ruleid,pos,sym)VALUES(257,0,279);
INSERT INTO rulerhs(ruleid,pos,sym)VALUES(257,1,284);
INSERT INTO rulerhs(ruleid,pos,sym)VALUES(257,2,1);
INSERT INTO rule(ruleid,lhs,txt)VALUES(258,279,'trigger_cmd_list ::= trigger_cmd SEMI');
INSERT INTO rulerhs(ruleid,pos,sym)VALUES(258,0,284);
INSERT INTO rulerhs(ruleid,pos,sym)VALUES(258,1,1);
INSERT INTO rule(ruleid,lhs,txt)VALUES(259,285,'trnm ::= nm DOT nm');
INSERT INTO rulerhs(ruleid,pos,sym)VALUES(259,0,189);
INSERT INTO rulerhs(ruleid,pos,sym)VALUES(259,1,139);
INSERT INTO rulerhs(ruleid,pos,sym)VALUES(259,2,189);
INSERT INTO rule(ruleid,lhs,txt)VALUES(260,286,'tridxby ::= INDEXED BY nm');
INSERT INTO rulerhs(ruleid,pos,sym)VALUES(260,0,114);
INSERT INTO rulerhs(ruleid,pos,sym)VALUES(260,1,34);
INSERT INTO rulerhs(ruleid,pos,sym)VALUES(260,2,189);
INSERT INTO rule(ruleid,lhs,txt)VALUES(261,286,'tridxby ::= NOT INDEXED');
INSERT INTO rulerhs(ruleid,pos,sym)VALUES(261,0,19);
INSERT INTO rulerhs(ruleid,pos,sym)VALUES(261,1,114);
INSERT INTO rule(ruleid,lhs,txt)VALUES(262,284,'trigger_cmd ::= UPDATE orconf trnm tridxby SET setlist from where_opt scanpt');
INSERT INTO rulerhs(ruleid,pos,sym)VALUES(262,0,127);
INSERT INTO rulerhs(ruleid,pos,sym)VALUES(262,1,229);
INSERT INTO rulerhs(ruleid,pos,sym)VALUES(262,2,285);
INSERT INTO rulerhs(ruleid,pos,sym)VALUES(262,3,286);
INSERT INTO rulerhs(ruleid,pos,sym)VALUES(262,4,128);
INSERT INTO rulerhs(ruleid,pos,sym)VALUES(262,5,262);
INSERT INTO rulerhs(ruleid,pos,sym)VALUES(262,6,240);
INSERT INTO rulerhs(ruleid,pos,sym)VALUES(262,7,241);
INSERT INTO rulerhs(ruleid,pos,sym)VALUES(262,8,208);
INSERT INTO rule(ruleid,lhs,txt)VALUES(263,284,'trigger_cmd ::= scanpt insert_cmd INTO trnm idlist_opt select upsert scanpt');
INSERT INTO rulerhs(ruleid,pos,sym)VALUES(263,0,208);
INSERT INTO rulerhs(ruleid,pos,sym)VALUES(263,1,263);
INSERT INTO rulerhs(ruleid,pos,sym)VALUES(263,2,148);
INSERT INTO rulerhs(ruleid,pos,sym)VALUES(263,3,285);
INSERT INTO rulerhs(ruleid,pos,sym)VALUES(263,4,264);
INSERT INTO rulerhs(ruleid,pos,sym)VALUES(263,5,200);
INSERT INTO rulerhs(ruleid,pos,sym)VALUES(263,6,265);
INSERT INTO rulerhs(ruleid,pos,sym)VALUES(263,7,208);
INSERT INTO rule(ruleid,lhs,txt)VALUES(264,284,'trigger_cmd ::= DELETE FROM trnm tridxby where_opt scanpt');
INSERT INTO rulerhs(ruleid,pos,sym)VALUES(264,0,126);
INSERT INTO rulerhs(ruleid,pos,sym)VALUES(264,1,140);
INSERT INTO rulerhs(ruleid,pos,sym)VALUES(264,2,285);
INSERT INTO rulerhs(ruleid,pos,sym)VALUES(264,3,286);
INSERT INTO rulerhs(ruleid,pos,sym)VALUES(264,4,241);
INSERT INTO rulerhs(ruleid,pos,sym)VALUES(264,5,208);
INSERT INTO rule(ruleid,lhs,txt)VALUES(265,284,'trigger_cmd ::= scanpt select scanpt');
INSERT INTO rulerhs(ruleid,pos,sym)VALUES(265,0,208);
INSERT INTO rulerhs(ruleid,pos,sym)VALUES(265,1,200);
INSERT INTO rulerhs(ruleid,pos,sym)VALUES(265,2,208);
INSERT INTO rule(ruleid,lhs,txt)VALUES(266,212,'expr ::= RAISE LP IGNORE RP');
INSERT INTO rulerhs(ruleid,pos,sym)VALUES(266,0,71);
INSERT INTO rulerhs(ruleid,pos,sym)VALUES(266,1,22);
INSERT INTO rulerhs(ruleid,pos,sym)VALUES(266,2,63);
INSERT INTO rulerhs(ruleid,pos,sym)VALUES(266,3,23);
INSERT INTO rule(ruleid,lhs,txt)VALUES(267,212,'expr ::= RAISE LP raisetype COMMA nm RP');
INSERT INTO rulerhs(ruleid,pos,sym)VALUES(267,0,71);
INSERT INTO rulerhs(ruleid,pos,sym)VALUES(267,1,22);
INSERT INTO rulerhs(ruleid,pos,sym)VALUES(267,2,231);
INSERT INTO rulerhs(ruleid,pos,sym)VALUES(267,3,26);
INSERT INTO rulerhs(ruleid,pos,sym)VALUES(267,4,189);
INSERT INTO rulerhs(ruleid,pos,sym)VALUES(267,5,23);
INSERT INTO rule(ruleid,lhs,txt)VALUES(268,231,'raisetype ::= ROLLBACK');
INSERT INTO rulerhs(ruleid,pos,sym)VALUES(268,0,12);
INSERT INTO rule(ruleid,lhs,txt)VALUES(269,231,'raisetype ::= ABORT');
INSERT INTO rulerhs(ruleid,pos,sym)VALUES(269,0,27);
INSERT INTO rule(ruleid,lhs,txt)VALUES(270,231,'raisetype ::= FAIL');
INSERT INTO rulerhs(ruleid,pos,sym)VALUES(270,0,42);
INSERT INTO rule(ruleid,lhs,txt)VALUES(271,186,'cmd ::= DROP TRIGGER ifexists fullname');
INSERT INTO rulerhs(ruleid,pos,sym)VALUES(271,0,131);
INSERT INTO rulerhs(ruleid,pos,sym)VALUES(271,1,77);
INSERT INTO rulerhs(ruleid,pos,sym)VALUES(271,2,232);
INSERT INTO rulerhs(ruleid,pos,sym)VALUES(271,3,233);
INSERT INTO rule(ruleid,lhs,txt)VALUES(272,186,'cmd ::= ATTACH database_kw_opt expr AS expr key_opt');
INSERT INTO rulerhs(ruleid,pos,sym)VALUES(272,0,32);
INSERT INTO rulerhs(ruleid,pos,sym)VALUES(272,1,287);
INSERT INTO rulerhs(ruleid,pos,sym)VALUES(272,2,212);
INSERT INTO rulerhs(ruleid,pos,sym)VALUES(272,3,24);
INSERT INTO rulerhs(ruleid,pos,sym)VALUES(272,4,212);
INSERT INTO rulerhs(ruleid,pos,sym)VALUES(272,5,288);
INSERT INTO rule(ruleid,lhs,txt)VALUES(273,186,'cmd ::= DETACH database_kw_opt expr');
INSERT INTO rulerhs(ruleid,pos,sym)VALUES(273,0,40);
INSERT INTO rulerhs(ruleid,pos,sym)VALUES(273,1,287);
INSERT INTO rulerhs(ruleid,pos,sym)VALUES(273,2,212);
INSERT INTO rule(ruleid,lhs,txt)VALUES(274,288,'key_opt ::=');
INSERT INTO rule(ruleid,lhs,txt)VALUES(275,288,'key_opt ::= KEY expr');
INSERT INTO rulerhs(ruleid,pos,sym)VALUES(275,0,67);
INSERT INTO rulerhs(ruleid,pos,sym)VALUES(275,1,212);
INSERT INTO rule(ruleid,lhs,txt)VALUES(276,186,'cmd ::= REINDEX');
INSERT INTO rulerhs(ruleid,pos,sym)VALUES(276,0,97);
INSERT INTO rule(ruleid,lhs,txt)VALUES(277,186,'cmd ::= REINDEX nm dbnm');
INSERT INTO rulerhs(ruleid,pos,sym)VALUES(277,0,97);
INSERT INTO rulerhs(ruleid,pos,sym)VALUES(277,1,189);
INSERT INTO rulerhs(ruleid,pos,sym)VALUES(277,2,196);
INSERT INTO rule(ruleid,lhs,txt)VALUES(278,186,'cmd ::= ANALYZE');
INSERT INTO rulerhs(ruleid,pos,sym)VALUES(278,0,30);
INSERT INTO rule(ruleid,lhs,txt)VALUES(279,186,'cmd ::= ANALYZE nm dbnm');
INSERT INTO rulerhs(ruleid,pos,sym)VALUES(279,0,30);
INSERT INTO rulerhs(ruleid,pos,sym)VALUES(279,1,189);
INSERT INTO rulerhs(ruleid,pos,sym)VALUES(279,2,196);
INSERT INTO rule(ruleid,lhs,txt)VALUES(280,186,'cmd ::= ALTER TABLE fullname RENAME TO nm');
INSERT INTO rulerhs(ruleid,pos,sym)VALUES(280,0,159);
INSERT INTO rulerhs(ruleid,pos,sym)VALUES(280,1,16);
INSERT INTO rulerhs(ruleid,pos,sym)VALUES(280,2,233);
INSERT INTO rulerhs(ruleid,pos,sym)VALUES(280,3,98);
INSERT INTO rulerhs(ruleid,pos,sym)VALUES(280,4,15);
INSERT INTO rulerhs(ruleid,pos,sym)VALUES(280,5,189);
INSERT INTO rule(ruleid,lhs,txt)VALUES(281,186,'cmd ::= ALTER TABLE add_column_fullname ADD kwcolumn_opt columnname carglist');
INSERT INTO rulerhs(ruleid,pos,sym)VALUES(281,0,159);
INSERT INTO rulerhs(ruleid,pos,sym)VALUES(281,1,16);
INSERT INTO rulerhs(ruleid,pos,sym)VALUES(281,2,289);
INSERT INTO rulerhs(ruleid,pos,sym)VALUES(281,3,160);
INSERT INTO rulerhs(ruleid,pos,sym)VALUES(281,4,290);
INSERT INTO rulerhs(ruleid,pos,sym)VALUES(281,5,201);
INSERT INTO rulerhs(ruleid,pos,sym)VALUES(281,6,202);
INSERT INTO rule(ruleid,lhs,txt)VALUES(282,289,'add_column_fullname ::= fullname');
INSERT INTO rulerhs(ruleid,pos,sym)VALUES(282,0,233);
INSERT INTO rule(ruleid,lhs,txt)VALUES(283,186,'cmd ::= ALTER TABLE fullname RENAME kwcolumn_opt nm TO nm');
INSERT INTO rulerhs(ruleid,pos,sym)VALUES(283,0,159);
INSERT INTO rulerhs(ruleid,pos,sym)VALUES(283,1,16);
INSERT INTO rulerhs(ruleid,pos,sym)VALUES(283,2,233);
INSERT INTO rulerhs(ruleid,pos,sym)VALUES(283,3,98);
INSERT INTO rulerhs(ruleid,pos,sym)VALUES(283,4,290);
INSERT INTO rulerhs(ruleid,pos,sym)VALUES(283,5,189);
INSERT INTO rulerhs(ruleid,pos,sym)VALUES(283,6,15);
INSERT INTO rulerhs(ruleid,pos,sym)VALUES(283,7,189);
INSERT INTO rule(ruleid,lhs,txt)VALUES(284,186,'cmd ::= create_vtab');
INSERT INTO rulerhs(ruleid,pos,sym)VALUES(284,0,291);
INSERT INTO rule(ruleid,lhs,txt)VALUES(285,186,'cmd ::= create_vtab LP vtabarglist RP');
INSERT INTO rulerhs(ruleid,pos,sym)VALUES(285,0,291);
INSERT INTO rulerhs(ruleid,pos,sym)VALUES(285,1,22);
INSERT INTO rulerhs(ruleid,pos,sym)VALUES(285,2,292);
INSERT INTO rulerhs(ruleid,pos,sym)VALUES(285,3,23);
INSERT INTO rule(ruleid,lhs,txt)VALUES(286,291,'create_vtab ::= createkw VIRTUAL TABLE ifnotexists nm dbnm USING nm');
INSERT INTO rulerhs(ruleid,pos,sym)VALUES(286,0,193);
INSERT INTO rulerhs(ruleid,pos,sym)VALUES(286,1,80);
INSERT INTO rulerhs(ruleid,pos,sym)VALUES(286,2,16);
INSERT INTO rulerhs(ruleid,pos,sym)VALUES(286,3,195);
INSERT INTO rulerhs(ruleid,pos,sym)VALUES(286,4,189);
INSERT INTO rulerhs(ruleid,pos,sym)VALUES(286,5,196);
INSERT INTO rulerhs(ruleid,pos,sym)VALUES(286,6,142);
INSERT INTO rulerhs(ruleid,pos,sym)VALUES(286,7,189);
INSERT INTO rule(ruleid,lhs,txt)VALUES(287,293,'vtabarg ::=');
INSERT INTO rule(ruleid,lhs,txt)VALUES(288,294,'vtabargtoken ::= ANY');
INSERT INTO rulerhs(ruleid,pos,sym)VALUES(288,0,100);
INSERT INTO rule(ruleid,lhs,txt)VALUES(289,294,'vtabargtoken ::= lp anylist RP');
INSERT INTO rulerhs(ruleid,pos,sym)VALUES(289,0,295);
INSERT INTO rulerhs(ruleid,pos,sym)VALUES(289,1,296);
INSERT INTO rulerhs(ruleid,pos,sym)VALUES(289,2,23);
INSERT INTO rule(ruleid,lhs,txt)VALUES(290,295,'lp ::= LP');
INSERT INTO rulerhs(ruleid,pos,sym)VALUES(290,0,22);
INSERT INTO rule(ruleid,lhs,txt)VALUES(291,261,'with ::= WITH wqlist');
INSERT INTO rulerhs(ruleid,pos,sym)VALUES(291,0,81);
INSERT INTO rulerhs(ruleid,pos,sym)VALUES(291,1,236);
INSERT INTO rule(ruleid,lhs,txt)VALUES(292,261,'with ::= WITH RECURSIVE wqlist');
INSERT INTO rulerhs(ruleid,pos,sym)VALUES(292,0,81);
INSERT INTO rulerhs(ruleid,pos,sym)VALUES(292,1,72);
INSERT INTO rulerhs(ruleid,pos,sym)VALUES(292,2,236);
INSERT INTO rule(ruleid,lhs,txt)VALUES(293,236,'wqlist ::= nm eidlist_opt AS LP select RP');
INSERT INTO rulerhs(ruleid,pos,sym)VALUES(293,0,189);
INSERT INTO rulerhs(ruleid,pos,sym)VALUES(293,1,216);
INSERT INTO rulerhs(ruleid,pos,sym)VALUES(293,2,24);
INSERT INTO rulerhs(ruleid,pos,sym)VALUES(293,3,22);
INSERT INTO rulerhs(ruleid,pos,sym)VALUES(293,4,200);
INSERT INTO rulerhs(ruleid,pos,sym)VALUES(293,5,23);
INSERT INTO rule(ruleid,lhs,txt)VALUES(294,236,'wqlist ::= wqlist COMMA nm eidlist_opt AS LP select RP');
INSERT INTO rulerhs(ruleid,pos,sym)VALUES(294,0,236);
INSERT INTO rulerhs(ruleid,pos,sym)VALUES(294,1,26);
INSERT INTO rulerhs(ruleid,pos,sym)VALUES(294,2,189);
INSERT INTO rulerhs(ruleid,pos,sym)VALUES(294,3,216);
INSERT INTO rulerhs(ruleid,pos,sym)VALUES(294,4,24);
INSERT INTO rulerhs(ruleid,pos,sym)VALUES(294,5,22);
INSERT INTO rulerhs(ruleid,pos,sym)VALUES(294,6,200);
INSERT INTO rulerhs(ruleid,pos,sym)VALUES(294,7,23);
INSERT INTO rule(ruleid,lhs,txt)VALUES(295,297,'windowdefn_list ::= windowdefn');
INSERT INTO rulerhs(ruleid,pos,sym)VALUES(295,0,298);
INSERT INTO rule(ruleid,lhs,txt)VALUES(296,297,'windowdefn_list ::= windowdefn_list COMMA windowdefn');
INSERT INTO rulerhs(ruleid,pos,sym)VALUES(296,0,297);
INSERT INTO rulerhs(ruleid,pos,sym)VALUES(296,1,26);
INSERT INTO rulerhs(ruleid,pos,sym)VALUES(296,2,298);
INSERT INTO rule(ruleid,lhs,txt)VALUES(297,298,'windowdefn ::= nm AS LP window RP');
INSERT INTO rulerhs(ruleid,pos,sym)VALUES(297,0,189);
INSERT INTO rulerhs(ruleid,pos,sym)VALUES(297,1,24);
INSERT INTO rulerhs(ruleid,pos,sym)VALUES(297,2,22);
INSERT INTO rulerhs(ruleid,pos,sym)VALUES(297,3,299);
INSERT INTO rulerhs(ruleid,pos,sym)VALUES(297,4,23);
INSERT INTO rule(ruleid,lhs,txt)VALUES(298,299,'window ::= PARTITION BY nexprlist orderby_opt frame_opt');
INSERT INTO rulerhs(ruleid,pos,sym)VALUES(298,0,87);
INSERT INTO rulerhs(ruleid,pos,sym)VALUES(298,1,34);
INSERT INTO rulerhs(ruleid,pos,sym)VALUES(298,2,248);
INSERT INTO rulerhs(ruleid,pos,sym)VALUES(298,3,244);
INSERT INTO rulerhs(ruleid,pos,sym)VALUES(298,4,300);
INSERT INTO rule(ruleid,lhs,txt)VALUES(299,299,'window ::= nm PARTITION BY nexprlist orderby_opt frame_opt');
INSERT INTO rulerhs(ruleid,pos,sym)VALUES(299,0,189);
INSERT INTO rulerhs(ruleid,pos,sym)VALUES(299,1,87);
INSERT INTO rulerhs(ruleid,pos,sym)VALUES(299,2,34);
INSERT INTO rulerhs(ruleid,pos,sym)VALUES(299,3,248);
INSERT INTO rulerhs(ruleid,pos,sym)VALUES(299,4,244);
INSERT INTO rulerhs(ruleid,pos,sym)VALUES(299,5,300);
INSERT INTO rule(ruleid,lhs,txt)VALUES(300,299,'window ::= ORDER BY sortlist frame_opt');
INSERT INTO rulerhs(ruleid,pos,sym)VALUES(300,0,143);
INSERT INTO rulerhs(ruleid,pos,sym)VALUES(300,1,34);
INSERT INTO rulerhs(ruleid,pos,sym)VALUES(300,2,226);
INSERT INTO rulerhs(ruleid,pos,sym)VALUES(300,3,300);
INSERT INTO rule(ruleid,lhs,txt)VALUES(301,299,'window ::= nm ORDER BY sortlist frame_opt');
INSERT INTO rulerhs(ruleid,pos,sym)VALUES(301,0,189);
INSERT INTO rulerhs(ruleid,pos,sym)VALUES(301,1,143);
INSERT INTO rulerhs(ruleid,pos,sym)VALUES(301,2,34);
INSERT INTO rulerhs(ruleid,pos,sym)VALUES(301,3,226);
INSERT INTO rulerhs(ruleid,pos,sym)VALUES(301,4,300);
INSERT INTO rule(ruleid,lhs,txt)VALUES(302,299,'window ::= frame_opt');
INSERT INTO rulerhs(ruleid,pos,sym)VALUES(302,0,300);
INSERT INTO rule(ruleid,lhs,txt)VALUES(303,299,'window ::= nm frame_opt');
INSERT INTO rulerhs(ruleid,pos,sym)VALUES(303,0,189);
INSERT INTO rulerhs(ruleid,pos,sym)VALUES(303,1,300);
INSERT INTO rule(ruleid,lhs,txt)VALUES(304,300,'frame_opt ::=');
INSERT INTO rule(ruleid,lhs,txt)VALUES(305,300,'frame_opt ::= range_or_rows frame_bound_s frame_exclude_opt');
INSERT INTO rulerhs(ruleid,pos,sym)VALUES(305,0,304);
INSERT INTO rulerhs(ruleid,pos,sym)VALUES(305,1,306);
INSERT INTO rulerhs(ruleid,pos,sym)VALUES(305,2,308);
INSERT INTO rule(ruleid,lhs,txt)VALUES(306,300,'frame_opt ::= range_or_rows BETWEEN frame_bound_s AND frame_bound_e frame_exclude_opt');
INSERT INTO rulerhs(ruleid,pos,sym)VALUES(306,0,304);
INSERT INTO rulerhs(ruleid,pos,sym)VALUES(306,1,48);
INSERT INTO rulerhs(ruleid,pos,sym)VALUES(306,2,306);
INSERT INTO rulerhs(ruleid,pos,sym)VALUES(306,3,44);
INSERT INTO rulerhs(ruleid,pos,sym)VALUES(306,4,307);
INSERT INTO rulerhs(ruleid,pos,sym)VALUES(306,5,308);
INSERT INTO rule(ruleid,lhs,txt)VALUES(307,304,'range_or_rows ::= RANGE|ROWS|GROUPS');
INSERT INTO rulerhs(ruleid,pos,sym)VALUES(307,0,89);
INSERT INTO rulerhs(ruleid,pos,sym)VALUES(307,0,76);
INSERT INTO rulerhs(ruleid,pos,sym)VALUES(307,0,92);
INSERT INTO rule(ruleid,lhs,txt)VALUES(308,306,'frame_bound_s ::= frame_bound');
INSERT INTO rulerhs(ruleid,pos,sym)VALUES(308,0,305);
INSERT INTO rule(ruleid,lhs,txt)VALUES(309,306,'frame_bound_s ::= UNBOUNDED PRECEDING');
INSERT INTO rulerhs(ruleid,pos,sym)VALUES(309,0,90);
INSERT INTO rulerhs(ruleid,pos,sym)VALUES(309,1,88);
INSERT INTO rule(ruleid,lhs,txt)VALUES(310,307,'frame_bound_e ::= frame_bound');
INSERT INTO rulerhs(ruleid,pos,sym)VALUES(310,0,305);
INSERT INTO rule(ruleid,lhs,txt)VALUES(311,307,'frame_bound_e ::= UNBOUNDED FOLLOWING');
INSERT INTO rulerhs(ruleid,pos,sym)VALUES(311,0,90);
INSERT INTO rulerhs(ruleid,pos,sym)VALUES(311,1,86);
INSERT INTO rule(ruleid,lhs,txt)VALUES(312,305,'frame_bound ::= expr PRECEDING|FOLLOWING');
INSERT INTO rulerhs(ruleid,pos,sym)VALUES(312,0,212);
INSERT INTO rulerhs(ruleid,pos,sym)VALUES(312,1,88);
INSERT INTO rulerhs(ruleid,pos,sym)VALUES(312,1,86);
INSERT INTO rule(ruleid,lhs,txt)VALUES(313,305,'frame_bound ::= CURRENT ROW');
INSERT INTO rulerhs(ruleid,pos,sym)VALUES(313,0,85);
INSERT INTO rulerhs(ruleid,pos,sym)VALUES(313,1,75);
INSERT INTO rule(ruleid,lhs,txt)VALUES(314,308,'frame_exclude_opt ::=');
INSERT INTO rule(ruleid,lhs,txt)VALUES(315,308,'frame_exclude_opt ::= EXCLUDE frame_exclude');
INSERT INTO rulerhs(ruleid,pos,sym)VALUES(315,0,91);
INSERT INTO rulerhs(ruleid,pos,sym)VALUES(315,1,309);
INSERT INTO rule(ruleid,lhs,txt)VALUES(316,309,'frame_exclude ::= NO OTHERS');
INSERT INTO rulerhs(ruleid,pos,sym)VALUES(316,0,66);
INSERT INTO rulerhs(ruleid,pos,sym)VALUES(316,1,93);
INSERT INTO rule(ruleid,lhs,txt)VALUES(317,309,'frame_exclude ::= CURRENT ROW');
INSERT INTO rulerhs(ruleid,pos,sym)VALUES(317,0,85);
INSERT INTO rulerhs(ruleid,pos,sym)VALUES(317,1,75);
INSERT INTO rule(ruleid,lhs,txt)VALUES(318,309,'frame_exclude ::= GROUP|TIES');
INSERT INTO rulerhs(ruleid,pos,sym)VALUES(318,0,144);
INSERT INTO rulerhs(ruleid,pos,sym)VALUES(318,0,94);
INSERT INTO rule(ruleid,lhs,txt)VALUES(319,246,'window_clause ::= WINDOW windowdefn_list');
INSERT INTO rulerhs(ruleid,pos,sym)VALUES(319,0,161);
INSERT INTO rulerhs(ruleid,pos,sym)VALUES(319,1,297);
INSERT INTO rule(ruleid,lhs,txt)VALUES(320,266,'filter_over ::= filter_clause over_clause');
INSERT INTO rulerhs(ruleid,pos,sym)VALUES(320,0,302);
INSERT INTO rulerhs(ruleid,pos,sym)VALUES(320,1,303);
INSERT INTO rule(ruleid,lhs,txt)VALUES(321,266,'filter_over ::= over_clause');
INSERT INTO rulerhs(ruleid,pos,sym)VALUES(321,0,303);
INSERT INTO rule(ruleid,lhs,txt)VALUES(322,266,'filter_over ::= filter_clause');
INSERT INTO rulerhs(ruleid,pos,sym)VALUES(322,0,302);
INSERT INTO rule(ruleid,lhs,txt)VALUES(323,303,'over_clause ::= OVER LP window RP');
INSERT INTO rulerhs(ruleid,pos,sym)VALUES(323,0,162);
INSERT INTO rulerhs(ruleid,pos,sym)VALUES(323,1,22);
INSERT INTO rulerhs(ruleid,pos,sym)VALUES(323,2,299);
INSERT INTO rulerhs(ruleid,pos,sym)VALUES(323,3,23);
INSERT INTO rule(ruleid,lhs,txt)VALUES(324,303,'over_clause ::= OVER nm');
INSERT INTO rulerhs(ruleid,pos,sym)VALUES(324,0,162);
INSERT INTO rulerhs(ruleid,pos,sym)VALUES(324,1,189);
INSERT INTO rule(ruleid,lhs,txt)VALUES(325,302,'filter_clause ::= FILTER LP WHERE expr RP');
INSERT INTO rulerhs(ruleid,pos,sym)VALUES(325,0,163);
INSERT INTO rulerhs(ruleid,pos,sym)VALUES(325,1,22);
INSERT INTO rulerhs(ruleid,pos,sym)VALUES(325,2,147);
INSERT INTO rulerhs(ruleid,pos,sym)VALUES(325,3,212);
INSERT INTO rulerhs(ruleid,pos,sym)VALUES(325,4,23);
INSERT INTO rule(ruleid,lhs,txt)VALUES(326,181,'input ::= cmdlist');
INSERT INTO rulerhs(ruleid,pos,sym)VALUES(326,0,182);
INSERT INTO rule(ruleid,lhs,txt)VALUES(327,182,'cmdlist ::= cmdlist ecmd');
INSERT INTO rulerhs(ruleid,pos,sym)VALUES(327,0,182);
INSERT INTO rulerhs(ruleid,pos,sym)VALUES(327,1,183);
INSERT INTO rule(ruleid,lhs,txt)VALUES(328,182,'cmdlist ::= ecmd');
INSERT INTO rulerhs(ruleid,pos,sym)VALUES(328,0,183);
INSERT INTO rule(ruleid,lhs,txt)VALUES(329,183,'ecmd ::= SEMI');
INSERT INTO rulerhs(ruleid,pos,sym)VALUES(329,0,1);
INSERT INTO rule(ruleid,lhs,txt)VALUES(330,183,'ecmd ::= cmdx SEMI');
INSERT INTO rulerhs(ruleid,pos,sym)VALUES(330,0,184);
INSERT INTO rulerhs(ruleid,pos,sym)VALUES(330,1,1);
INSERT INTO rule(ruleid,lhs,txt)VALUES(331,183,'ecmd ::= explain cmdx SEMI');
INSERT INTO rulerhs(ruleid,pos,sym)VALUES(331,0,185);
INSERT INTO rulerhs(ruleid,pos,sym)VALUES(331,1,184);
INSERT INTO rulerhs(ruleid,pos,sym)VALUES(331,2,1);
INSERT INTO rule(ruleid,lhs,txt)VALUES(332,188,'trans_opt ::=');
INSERT INTO rule(ruleid,lhs,txt)VALUES(333,188,'trans_opt ::= TRANSACTION');
INSERT INTO rulerhs(ruleid,pos,sym)VALUES(333,0,6);
INSERT INTO rule(ruleid,lhs,txt)VALUES(334,188,'trans_opt ::= TRANSACTION nm');
INSERT INTO rulerhs(ruleid,pos,sym)VALUES(334,0,6);
INSERT INTO rulerhs(ruleid,pos,sym)VALUES(334,1,189);
INSERT INTO rule(ruleid,lhs,txt)VALUES(335,190,'savepoint_opt ::= SAVEPOINT');
INSERT INTO rulerhs(ruleid,pos,sym)VALUES(335,0,13);
INSERT INTO rule(ruleid,lhs,txt)VALUES(336,190,'savepoint_opt ::=');
INSERT INTO rule(ruleid,lhs,txt)VALUES(337,186,'cmd ::= create_table create_table_args');
INSERT INTO rulerhs(ruleid,pos,sym)VALUES(337,0,191);
INSERT INTO rulerhs(ruleid,pos,sym)VALUES(337,1,192);
INSERT INTO rule(ruleid,lhs,txt)VALUES(338,197,'columnlist ::= columnlist COMMA columnname carglist');
INSERT INTO rulerhs(ruleid,pos,sym)VALUES(338,0,197);
INSERT INTO rulerhs(ruleid,pos,sym)VALUES(338,1,26);
INSERT INTO rulerhs(ruleid,pos,sym)VALUES(338,2,201);
INSERT INTO rulerhs(ruleid,pos,sym)VALUES(338,3,202);
INSERT INTO rule(ruleid,lhs,txt)VALUES(339,197,'columnlist ::= columnname carglist');
INSERT INTO rulerhs(ruleid,pos,sym)VALUES(339,0,201);
INSERT INTO rulerhs(ruleid,pos,sym)VALUES(339,1,202);
INSERT INTO rule(ruleid,lhs,txt)VALUES(340,189,'nm ::= ID|INDEXED');
INSERT INTO rulerhs(ruleid,pos,sym)VALUES(340,0,59);
INSERT INTO rulerhs(ruleid,pos,sym)VALUES(340,0,114);
INSERT INTO rule(ruleid,lhs,txt)VALUES(341,189,'nm ::= STRING');
INSERT INTO rulerhs(ruleid,pos,sym)VALUES(341,0,115);
INSERT INTO rule(ruleid,lhs,txt)VALUES(342,189,'nm ::= JOIN_KW');
INSERT INTO rulerhs(ruleid,pos,sym)VALUES(342,0,116);
INSERT INTO rule(ruleid,lhs,txt)VALUES(343,203,'typetoken ::= typename');
INSERT INTO rulerhs(ruleid,pos,sym)VALUES(343,0,204);
INSERT INTO rule(ruleid,lhs,txt)VALUES(344,204,'typename ::= ID|STRING');
INSERT INTO rulerhs(ruleid,pos,sym)VALUES(344,0,59);
INSERT INTO rulerhs(ruleid,pos,sym)VALUES(344,0,115);
INSERT INTO rule(ruleid,lhs,txt)VALUES(345,205,'signed ::= plus_num');
INSERT INTO rulerhs(ruleid,pos,sym)VALUES(345,0,206);
INSERT INTO rule(ruleid,lhs,txt)VALUES(346,205,'signed ::= minus_num');
INSERT INTO rulerhs(ruleid,pos,sym)VALUES(346,0,207);
INSERT INTO rule(ruleid,lhs,txt)VALUES(347,202,'carglist ::= carglist ccons');
INSERT INTO rulerhs(ruleid,pos,sym)VALUES(347,0,202);
INSERT INTO rulerhs(ruleid,pos,sym)VALUES(347,1,210);
INSERT INTO rule(ruleid,lhs,txt)VALUES(348,202,'carglist ::=');
INSERT INTO rule(ruleid,lhs,txt)VALUES(349,210,'ccons ::= NULL onconf');
INSERT INTO rulerhs(ruleid,pos,sym)VALUES(349,0,119);
INSERT INTO rulerhs(ruleid,pos,sym)VALUES(349,1,213);
INSERT INTO rule(ruleid,lhs,txt)VALUES(350,210,'ccons ::= GENERATED ALWAYS AS generated');
INSERT INTO rulerhs(ruleid,pos,sym)VALUES(350,0,95);
INSERT INTO rulerhs(ruleid,pos,sym)VALUES(350,1,96);
INSERT INTO rulerhs(ruleid,pos,sym)VALUES(350,2,24);
INSERT INTO rulerhs(ruleid,pos,sym)VALUES(350,3,219);
INSERT INTO rule(ruleid,lhs,txt)VALUES(351,210,'ccons ::= AS generated');
INSERT INTO rulerhs(ruleid,pos,sym)VALUES(351,0,24);
INSERT INTO rulerhs(ruleid,pos,sym)VALUES(351,1,219);
INSERT INTO rule(ruleid,lhs,txt)VALUES(352,198,'conslist_opt ::= COMMA conslist');
INSERT INTO rulerhs(ruleid,pos,sym)VALUES(352,0,26);
INSERT INTO rulerhs(ruleid,pos,sym)VALUES(352,1,223);
INSERT INTO rule(ruleid,lhs,txt)VALUES(353,223,'conslist ::= conslist tconscomma tcons');
INSERT INTO rulerhs(ruleid,pos,sym)VALUES(353,0,223);
INSERT INTO rulerhs(ruleid,pos,sym)VALUES(353,1,224);
INSERT INTO rulerhs(ruleid,pos,sym)VALUES(353,2,225);
INSERT INTO rule(ruleid,lhs,txt)VALUES(354,223,'conslist ::= tcons');
INSERT INTO rulerhs(ruleid,pos,sym)VALUES(354,0,225);
INSERT INTO rule(ruleid,lhs,txt)VALUES(355,224,'tconscomma ::=');
INSERT INTO rule(ruleid,lhs,txt)VALUES(356,228,'defer_subclause_opt ::= defer_subclause');
INSERT INTO rulerhs(ruleid,pos,sym)VALUES(356,0,218);
INSERT INTO rule(ruleid,lhs,txt)VALUES(357,230,'resolvetype ::= raisetype');
INSERT INTO rulerhs(ruleid,pos,sym)VALUES(357,0,231);
INSERT INTO rule(ruleid,lhs,txt)VALUES(358,234,'selectnowith ::= oneselect');
INSERT INTO rulerhs(ruleid,pos,sym)VALUES(358,0,235);
INSERT INTO rule(ruleid,lhs,txt)VALUES(359,235,'oneselect ::= values');
INSERT INTO rulerhs(ruleid,pos,sym)VALUES(359,0,247);
INSERT INTO rule(ruleid,lhs,txt)VALUES(360,249,'sclp ::= selcollist COMMA');
INSERT INTO rulerhs(ruleid,pos,sym)VALUES(360,0,239);
INSERT INTO rulerhs(ruleid,pos,sym)VALUES(360,1,26);
INSERT INTO rule(ruleid,lhs,txt)VALUES(361,250,'as ::= ID|STRING');
INSERT INTO rulerhs(ruleid,pos,sym)VALUES(361,0,59);
INSERT INTO rulerhs(ruleid,pos,sym)VALUES(361,0,115);
INSERT INTO rule(ruleid,lhs,txt)VALUES(362,212,'expr ::= term');
INSERT INTO rulerhs(ruleid,pos,sym)VALUES(362,0,211);
INSERT INTO rule(ruleid,lhs,txt)VALUES(363,267,'likeop ::= LIKE_KW|MATCH');
INSERT INTO rulerhs(ruleid,pos,sym)VALUES(363,0,47);
INSERT INTO rulerhs(ruleid,pos,sym)VALUES(363,0,46);
INSERT INTO rule(ruleid,lhs,txt)VALUES(364,257,'exprlist ::= nexprlist');
INSERT INTO rulerhs(ruleid,pos,sym)VALUES(364,0,248);
INSERT INTO rule(ruleid,lhs,txt)VALUES(365,277,'nmnum ::= plus_num');
INSERT INTO rulerhs(ruleid,pos,sym)VALUES(365,0,206);
INSERT INTO rule(ruleid,lhs,txt)VALUES(366,277,'nmnum ::= nm');
INSERT INTO rulerhs(ruleid,pos,sym)VALUES(366,0,189);
INSERT INTO rule(ruleid,lhs,txt)VALUES(367,277,'nmnum ::= ON');
INSERT INTO rulerhs(ruleid,pos,sym)VALUES(367,0,113);
INSERT INTO rule(ruleid,lhs,txt)VALUES(368,277,'nmnum ::= DELETE');
INSERT INTO rulerhs(ruleid,pos,sym)VALUES(368,0,126);
INSERT INTO rule(ruleid,lhs,txt)VALUES(369,277,'nmnum ::= DEFAULT');
INSERT INTO rulerhs(ruleid,pos,sym)VALUES(369,0,118);
INSERT INTO rule(ruleid,lhs,txt)VALUES(370,206,'plus_num ::= INTEGER|FLOAT');
INSERT INTO rulerhs(ruleid,pos,sym)VALUES(370,0,152);
INSERT INTO rulerhs(ruleid,pos,sym)VALUES(370,0,150);
INSERT INTO rule(ruleid,lhs,txt)VALUES(371,282,'foreach_clause ::=');
INSERT INTO rule(ruleid,lhs,txt)VALUES(372,282,'foreach_clause ::= FOR EACH ROW');
INSERT INTO rulerhs(ruleid,pos,sym)VALUES(372,0,62);
INSERT INTO rulerhs(ruleid,pos,sym)VALUES(372,1,41);
INSERT INTO rulerhs(ruleid,pos,sym)VALUES(372,2,75);
INSERT INTO rule(ruleid,lhs,txt)VALUES(373,285,'trnm ::= nm');
INSERT INTO rulerhs(ruleid,pos,sym)VALUES(373,0,189);
INSERT INTO rule(ruleid,lhs,txt)VALUES(374,286,'tridxby ::=');
INSERT INTO rule(ruleid,lhs,txt)VALUES(375,287,'database_kw_opt ::= DATABASE');
INSERT INTO rulerhs(ruleid,pos,sym)VALUES(375,0,38);
INSERT INTO rule(ruleid,lhs,txt)VALUES(376,287,'database_kw_opt ::=');
INSERT INTO rule(ruleid,lhs,txt)VALUES(377,290,'kwcolumn_opt ::=');
INSERT INTO rule(ruleid,lhs,txt)VALUES(378,290,'kwcolumn_opt ::= COLUMNKW');
INSERT INTO rulerhs(ruleid,pos,sym)VALUES(378,0,60);
INSERT INTO rule(ruleid,lhs,txt)VALUES(379,292,'vtabarglist ::= vtabarg');
INSERT INTO rulerhs(ruleid,pos,sym)VALUES(379,0,293);
INSERT INTO rule(ruleid,lhs,txt)VALUES(380,292,'vtabarglist ::= vtabarglist COMMA vtabarg');
INSERT INTO rulerhs(ruleid,pos,sym)VALUES(380,0,292);
INSERT INTO rulerhs(ruleid,pos,sym)VALUES(380,1,26);
INSERT INTO rulerhs(ruleid,pos,sym)VALUES(380,2,293);
INSERT INTO rule(ruleid,lhs,txt)VALUES(381,293,'vtabarg ::= vtabarg vtabargtoken');
INSERT INTO rulerhs(ruleid,pos,sym)VALUES(381,0,293);
INSERT INTO rulerhs(ruleid,pos,sym)VALUES(381,1,294);
INSERT INTO rule(ruleid,lhs,txt)VALUES(382,296,'anylist ::=');
INSERT INTO rule(ruleid,lhs,txt)VALUES(383,296,'anylist ::= anylist LP anylist RP');
INSERT INTO rulerhs(ruleid,pos,sym)VALUES(383,0,296);
INSERT INTO rulerhs(ruleid,pos,sym)VALUES(383,1,22);
INSERT INTO rulerhs(ruleid,pos,sym)VALUES(383,2,296);
INSERT INTO rulerhs(ruleid,pos,sym)VALUES(383,3,23);
INSERT INTO rule(ruleid,lhs,txt)VALUES(384,296,'anylist ::= anylist ANY');
INSERT INTO rulerhs(ruleid,pos,sym)VALUES(384,0,296);
INSERT INTO rulerhs(ruleid,pos,sym)VALUES(384,1,100);
INSERT INTO rule(ruleid,lhs,txt)VALUES(385,261,'with ::=');
COMMIT;
